{
  "pck@0.05": {
    "mean": 60.855555555555554,
    "std": 19.900789030316567,
    "median": 60.0,
    "p25": 50.0,
    "p75": 80.0,
    "per_keypoint_mean": 60.855555555555554
  },
  "pck@0.10": {
    "mean": 85.96666666666667,
    "std": 14.285309862382883,
    "median": 90.0,
    "p25": 80.0,
    "p75": 100.0,
    "per_keypoint_mean": 85.96666666666667
  },
  "pck@0.20": {
    "mean": 96.61111111111111,
    "std": 7.790634182562161,
    "median": 100.0,
    "p25": 100.0,
    "p75": 100.0,
    "per_keypoint_mean": 96.61111111111111
  }
}