{
  "inference_time_sec": 2356.356981754303,
  "pck@0.05": {
    "mean": 60.855555555555554,
    "std": 19.88972996359406,
    "median": 60.0,
    "p25": 50.0,
    "p75": 80.0
  },
  "pck@0.10": {
    "mean": 85.96666666666667,
    "std": 14.27737137337729,
    "median": 90.0,
    "p25": 80.0,
    "p75": 100.0
  },
  "pck@0.20": {
    "mean": 96.61111111111111,
    "std": 7.78630484953399,
    "median": 100.0,
    "p25": 100.0,
    "p75": 100.0
  }
}