{
  "inference_time_sec": 14416.297410488129,
  "pck@0.05": {
    "mean": 13.13233011466624,
    "std": 16.976362933951282,
    "median": 6.25,
    "p25": 0.0,
    "p75": 22.22222222222222
  },
  "pck@0.10": {
    "mean": 20.96645755333086,
    "std": 21.72225779368285,
    "median": 16.666666666666664,
    "p25": 0.0,
    "p75": 33.33333333333333
  },
  "pck@0.20": {
    "mean": 33.78515488798598,
    "std": 26.448501687525717,
    "median": 33.33333333333333,
    "p25": 12.5,
    "p75": 50.0
  }
}