{
  "inference_time_sec": 408.3832702636719,
  "pck@0.05": {
    "mean": 63.22222222222222,
    "std": 19.097863625592485,
    "median": 60.0,
    "p25": 50.0,
    "p75": 80.0
  },
  "pck@0.10": {
    "mean": 83.81111111111112,
    "std": 15.026934665196983,
    "median": 90.0,
    "p25": 70.0,
    "p75": 100.0
  },
  "pck@0.20": {
    "mean": 94.5,
    "std": 8.463975950396414,
    "median": 100.0,
    "p25": 90.0,
    "p75": 100.0
  }
}