{
  "pck@0.05": {
    "mean": 63.22222222222222,
    "std": 19.10848239962709,
    "median": 60.0,
    "p25": 50.0,
    "p75": 80.0,
    "per_keypoint_mean": 63.22222222222222
  },
  "pck@0.10": {
    "mean": 83.81111111111112,
    "std": 15.035289925595256,
    "median": 90.0,
    "p25": 70.0,
    "p75": 100.0,
    "per_keypoint_mean": 83.81111111111112
  },
  "pck@0.20": {
    "mean": 94.5,
    "std": 8.468682081396908,
    "median": 100.0,
    "p25": 90.0,
    "p75": 100.0,
    "per_keypoint_mean": 94.5
  }
}