{
  "n_blocks": 4,
  "temperature": 15,
  "learning_rate": 0.0001,
  "num_epochs": 1,
  "pck@0.05": 52.43807240914037,
  "pck@0.10": 65.85822645989307,
  "pck@0.20": 76.49522313887388,
  "training_history": [
    {
      "epoch": 1,
      "train_loss": 0.3166895293400618,
      "learning_rate": 0.0001,
      "val_pck@0.05": 52.43807240914037,
      "val_pck@0.10": 65.85822645989307,
      "val_pck@0.20": 76.49522313887388
    }
  ]
}