{
  "n_blocks": 2,
  "temperature": 15,
  "learning_rate": 0.0001,
  "num_epochs": 1,
  "pck@0.05": 23.245910469424036,
  "pck@0.10": 34.06775409564605,
  "pck@0.20": 46.92132262174245,
  "training_history": [
    {
      "epoch": 1,
      "train_loss": 0.5280034542407472,
      "learning_rate": 0.0001,
      "val_pck@0.05": 23.245910469424036,
      "val_pck@0.10": 34.06775409564605,
      "val_pck@0.20": 46.92132262174245
    }
  ]
}