{
  "pck@0.05": {
    "mean": 25.74414748645632,
    "std": 24.241073797310634,
    "median": 22.22222222222222,
    "p25": 0.0,
    "p75": 41.66666666666667,
    "per_keypoint_mean": 29.875011321438276
  },
  "pck@0.10": {
    "mean": 36.74583406607125,
    "std": 28.016796291861404,
    "median": 33.33333333333333,
    "p25": 12.5,
    "p75": 57.14285714285714,
    "per_keypoint_mean": 42.069332487999276
  },
  "pck@0.20": {
    "mean": 49.583729768119845,
    "std": 30.115802506606677,
    "median": 50.0,
    "p25": 25.0,
    "p75": 75.0,
    "per_keypoint_mean": 55.4127796395254
  }
}