{
  "inference_time_sec": 42441.23438334465,
  "pck@0.05": {
    "mean": 25.744147486456328,
    "std": 24.24008305147197,
    "median": 22.22222222222222,
    "p25": 0.0,
    "p75": 41.66666666666667
  },
  "pck@0.10": {
    "mean": 36.74583406607125,
    "std": 28.015651230195786,
    "median": 33.33333333333333,
    "p25": 12.5,
    "p75": 57.14285714285714
  },
  "pck@0.20": {
    "mean": 49.58372976811984,
    "std": 30.11457165741819,
    "median": 50.0,
    "p25": 25.0,
    "p75": 75.0
  }
}