{
  "inference_time_sec": 1147.4348816871643,
  "pck@0.05": {
    "mean": 62.0328310398151,
    "std": 22.59585554425029,
    "median": 66.66666666666666,
    "p25": 50.0,
    "p75": 80.0
  },
  "pck@0.10": {
    "mean": 81.20660052344097,
    "std": 19.115694474321717,
    "median": 83.33333333333334,
    "p25": 71.42857142857143,
    "p75": 100.0
  },
  "pck@0.20": {
    "mean": 92.46141629699568,
    "std": 12.77690211597994,
    "median": 100.0,
    "p25": 87.5,
    "p75": 100.0
  }
}