{
  "inference_time_sec": 3310.315083026886,
  "pck@0.05": {
    "mean": 11.717234426298162,
    "std": 15.918337752645968,
    "median": 0.0,
    "p25": 0.0,
    "p75": 20.0
  },
  "pck@0.10": {
    "mean": 20.438023154089464,
    "std": 21.582542477561994,
    "median": 16.666666666666664,
    "p25": 0.0,
    "p75": 33.33333333333333
  },
  "pck@0.20": {
    "mean": 33.405936199817546,
    "std": 26.59297531417033,
    "median": 33.33333333333333,
    "p25": 11.11111111111111,
    "p75": 50.0
  }
}