{
  "inference_time_sec": 2453.3521637916565,
  "pck@0.05": {
    "mean": 58.876408967944805,
    "std": 30.431958389978963,
    "median": 63.63636363636363,
    "p25": 37.5,
    "p75": 83.33333333333334
  },
  "pck@0.10": {
    "mean": 70.85701460217786,
    "std": 28.677998852594396,
    "median": 77.77777777777779,
    "p25": 55.55555555555556,
    "p75": 100.0
  },
  "pck@0.20": {
    "mean": 79.58422368783995,
    "std": 26.743890267648446,
    "median": 88.88888888888889,
    "p25": 66.66666666666666,
    "p75": 100.0
  }
}