{
  "pck@0.05": {
    "mean": 63.7922341448411,
    "std": 20.536756398501215,
    "median": 66.66666666666666,
    "p25": 50.0,
    "p75": 80.0,
    "per_keypoint_mean": 64.58055925432757
  },
  "pck@0.10": {
    "mean": 82.51555640091736,
    "std": 17.23186281218032,
    "median": 85.71428571428571,
    "p25": 71.42857142857143,
    "p75": 100.0,
    "per_keypoint_mean": 83.93253439857968
  },
  "pck@0.20": {
    "mean": 93.53900305354183,
    "std": 11.23497862689336,
    "median": 100.0,
    "p25": 88.88888888888889,
    "p75": 100.0,
    "per_keypoint_mean": 94.1855304039059
  }
}