{
  "inference_time_sec": 384.60022258758545,
  "pck@0.05": {
    "mean": 63.7922341448411,
    "std": 20.497824123871187,
    "median": 66.66666666666666,
    "p25": 50.0,
    "p75": 80.0
  },
  "pck@0.10": {
    "mean": 82.51555640091736,
    "std": 17.199195744296137,
    "median": 85.71428571428571,
    "p25": 71.42857142857143,
    "p75": 100.0
  },
  "pck@0.20": {
    "mean": 93.53900305354183,
    "std": 11.213680070058134,
    "median": 100.0,
    "p25": 88.88888888888889,
    "p75": 100.0
  }
}