{
  "pck@0.05": {
    "mean": 63.31638621723217,
    "std": 24.954343482694217,
    "median": 66.66666666666666,
    "p25": 50.0,
    "p75": 82.57575757575759,
    "per_keypoint_mean": 63.29743164871583
  },
  "pck@0.10": {
    "mean": 79.24667677176039,
    "std": 21.993507440914225,
    "median": 83.33333333333334,
    "p25": 69.375,
    "p75": 100.0,
    "per_keypoint_mean": 79.53603976801989
  },
  "pck@0.20": {
    "mean": 88.47020219708594,
    "std": 18.181919790118222,
    "median": 100.0,
    "p25": 83.33333333333334,
    "p75": 100.0,
    "per_keypoint_mean": 89.51946975973487
  }
}