{
  "inference_time_sec": 135.22952270507812,
  "pck@0.05": {
    "mean": 63.31638621723217,
    "std": 24.912578861820446,
    "median": 66.66666666666666,
    "p25": 50.0,
    "p75": 82.57575757575759
  },
  "pck@0.10": {
    "mean": 79.24667677176039,
    "std": 21.956698197641956,
    "median": 83.33333333333334,
    "p25": 69.375,
    "p75": 100.0
  },
  "pck@0.20": {
    "mean": 88.47020219708594,
    "std": 18.15148977751067,
    "median": 100.0,
    "p25": 83.33333333333334,
    "p75": 100.0
  }
}