threshold,best_K,best_temperature,best_pck_mean,best_pck_median,best_pck_std
0.05,3,0.2,57.2835201601025,62.5,29.674434655827802
0.1,7,0.2,69.8728675962397,76.92307692307693,28.891832677491387
0.2,9,0.2,79.36926956043554,88.88888888888889,26.548261153011786
