K,temperature,inference_time_sec,pck@0.05_mean,pck@0.05_std,pck@0.05_median,pck@0.05_p25,pck@0.05_p75,pck@0.10_mean,pck@0.10_std,pck@0.10_median,pck@0.10_p25,pck@0.10_p75,pck@0.20_mean,pck@0.20_std,pck@0.20_median,pck@0.20_p25,pck@0.20_p75
3,0.2,915.1067593097687,57.2835201601025,29.674434655827802,62.5,36.36363636363637,80.0,69.23655530516345,28.77168307884008,75.0,50.0,91.66666666666666,78.84148801769136,26.587197056035905,87.5,66.66666666666666,100.0
5,0.2,920.4695816040039,56.771596104847305,30.215091857933874,60.0,33.33333333333333,80.0,69.85714083769928,28.683234586357614,76.92307692307693,50.0,92.85714285714286,79.0730586748285,26.58381660808999,87.5,66.66666666666666,100.0
7,0.2,920.1809306144714,55.04946583970575,30.318558436851955,60.0,33.33333333333333,80.0,69.8728675962397,28.891832677491387,76.92307692307693,50.0,92.85714285714286,79.21219226531032,26.567980548513173,88.88888888888889,66.66666666666666,100.0
9,0.2,920.7172474861145,52.08566172550231,30.220269313741472,55.55555555555556,30.0,75.0,69.15978201122968,29.29712978810017,75.0,50.0,92.85714285714286,79.36926956043554,26.548261153011786,88.88888888888889,66.66666666666666,100.0
11,0.2,920.1939985752106,48.072895571847575,29.96520147052137,50.0,25.0,71.42857142857143,68.20207987248186,29.644798894727845,75.0,50.0,90.9090909090909,79.27266804922591,26.78250599932574,88.88888888888889,66.66666666666666,100.0
13,0.2,919.5188682079315,43.84446485767221,29.5831874316852,44.44444444444444,20.0,66.66666666666666,66.8881070053777,30.04258762588264,75.0,50.0,90.0,79.21522237351316,27.082921541620035,88.88888888888889,66.66666666666666,100.0
15,0.2,918.58398604393,38.86464324640778,28.66762421261434,37.5,14.285714285714285,60.0,64.59836653721383,30.46360988140794,71.42857142857143,50.0,88.88888888888889,78.90822459994777,27.434658441115076,88.88888888888889,66.66666666666666,100.0
