{
  "inference_time_sec": 2454.208135843277,
  "pck@0.05": {
    "mean": 54.38006216808159,
    "std": 30.25578365022214,
    "median": 57.14285714285714,
    "p25": 33.33333333333333,
    "p75": 78.57142857142857
  },
  "pck@0.10": {
    "mean": 66.9036987706555,
    "std": 29.45140600217152,
    "median": 75.0,
    "p25": 50.0,
    "p75": 90.0
  },
  "pck@0.20": {
    "mean": 76.46995001323516,
    "std": 27.41993455029657,
    "median": 85.71428571428571,
    "p25": 66.66666666666666,
    "p75": 100.0
  }
}