{
  "inference_time_sec": 423.13028955459595,
  "pck@0.05": {
    "mean": 61.888888888888886,
    "std": 19.510364450405696,
    "median": 60.0,
    "p25": 50.0,
    "p75": 80.0
  },
  "pck@0.10": {
    "mean": 83.07777777777778,
    "std": 15.52684254786442,
    "median": 90.0,
    "p25": 70.0,
    "p75": 100.0
  },
  "pck@0.20": {
    "mean": 94.4888888888889,
    "std": 8.528702447154478,
    "median": 100.0,
    "p25": 90.0,
    "p75": 100.0
  }
}