{
  "n_blocks": 2,
  "temperature": 15,
  "learning_rate": 5e-05,
  "num_epochs": 1,
  "pck@0.05": 51.64966775943888,
  "pck@0.10": 65.4609257030683,
  "pck@0.20": 76.55833623506156,
  "training_history": [
    {
      "epoch": 1,
      "train_loss": 0.4235414547061754,
      "learning_rate": 5e-05,
      "val_pck@0.05": 51.64966775943888,
      "val_pck@0.10": 65.4609257030683,
      "val_pck@0.20": 76.55833623506156
    }
  ]
}