{
  "pck@0.05": {
    "mean": 45.13359289886513,
    "std": 28.86653591020798,
    "median": 50.0,
    "p25": 22.22222222222222,
    "p75": 66.66666666666666,
    "per_keypoint_mean": 49.01729915768499
  },
  "pck@0.10": {
    "mean": 57.96892260319724,
    "std": 29.567475732190402,
    "median": 62.5,
    "p25": 37.5,
    "p75": 81.25,
    "per_keypoint_mean": 62.27923195362739
  },
  "pck@0.20": {
    "mean": 69.06081437629277,
    "std": 28.3600586519486,
    "median": 75.0,
    "p25": 50.0,
    "p75": 91.66666666666666,
    "per_keypoint_mean": 73.3210307037406
  }
}