{
  "pck@0.05": {
    "mean": 50.18856879853912,
    "std": 30.34994069972676,
    "median": 50.0,
    "p25": 25.0,
    "p75": 75.0
  },
  "pck@0.10": {
    "mean": 66.14308472594723,
    "std": 30.14478535432919,
    "median": 75.0,
    "p25": 50.0,
    "p75": 90.0
  },
  "pck@0.20": {
    "mean": 81.78980594394251,
    "std": 25.816712752018756,
    "median": 93.0952380952381,
    "p25": 71.42857142857143,
    "p75": 100.0
  }
}