{
  "aeroplane": {
    "pck@0.05": {
      "mean": 59.426884759920824,
      "std": 24.54636914399933,
      "median": 60.0
    },
    "pck@0.10": {
      "mean": 73.48744687395582,
      "std": 22.9685679578988,
      "median": 75.0
    },
    "pck@0.20": {
      "mean": 86.61974807658952,
      "std": 17.73396769088667,
      "median": 91.66666666666666
    }
  },
  "bicycle": {
    "pck@0.05": {
      "mean": 45.475641025641025,
      "std": 27.699938915380358,
      "median": 50.0
    },
    "pck@0.10": {
      "mean": 64.22220557220557,
      "std": 30.260732130963945,
      "median": 70.71428571428572
    },
    "pck@0.20": {
      "mean": 82.83774558774559,
      "std": 24.055141456025925,
      "median": 100.0
    }
  },
  "bird": {
    "pck@0.05": {
      "mean": 83.28956537289872,
      "std": 17.28271472190655,
      "median": 85.71428571428571
    },
    "pck@0.10": {
      "mean": 94.14943832678877,
      "std": 11.080779608624976,
      "median": 100.0
    },
    "pck@0.20": {
      "mean": 98.64394192385646,
      "std": 4.813717004728357,
      "median": 100.0
    }
  },
  "boat": {
    "pck@0.05": {
      "mean": 29.377685072129513,
      "std": 28.107077891630652,
      "median": 25.0
    },
    "pck@0.10": {
      "mean": 45.880364491475596,
      "std": 31.790487446578055,
      "median": 50.0
    },
    "pck@0.20": {
      "mean": 65.49897119341564,
      "std": 32.65164351702851,
      "median": 75.0
    }
  },
  "bottle": {
    "pck@0.05": {
      "mean": 40.58369823024995,
      "std": 27.467057818123276,
      "median": 37.5
    },
    "pck@0.10": {
      "mean": 58.539226418536764,
      "std": 28.812197237421984,
      "median": 62.5
    },
    "pck@0.20": {
      "mean": 78.64550264550265,
      "std": 23.99809454364661,
      "median": 85.71428571428571
    }
  },
  "bus": {
    "pck@0.05": {
      "mean": 35.547789844122505,
      "std": 28.30509298190374,
      "median": 33.33333333333333
    },
    "pck@0.10": {
      "mean": 45.714908607103524,
      "std": 32.19317312100843,
      "median": 50.0
    },
    "pck@0.20": {
      "mean": 59.457588802217956,
      "std": 35.47573281133655,
      "median": 66.66666666666666
    }
  },
  "car": {
    "pck@0.05": {
      "mean": 33.928758888865275,
      "std": 30.2960692842865,
      "median": 28.57142857142857
    },
    "pck@0.10": {
      "mean": 46.49227570105229,
      "std": 32.331921855034246,
      "median": 45.45454545454545
    },
    "pck@0.20": {
      "mean": 62.62443353533779,
      "std": 32.44758253088273,
      "median": 66.66666666666666
    }
  },
  "cat": {
    "pck@0.05": {
      "mean": 70.60238511488511,
      "std": 17.126129443428525,
      "median": 72.72727272727273
    },
    "pck@0.10": {
      "mean": 80.38435684685685,
      "std": 13.282110029022364,
      "median": 81.81818181818183
    },
    "pck@0.20": {
      "mean": 93.00497187997188,
      "std": 8.511075762446492,
      "median": 100.0
    }
  },
  "chair": {
    "pck@0.05": {
      "mean": 34.96806856713977,
      "std": 26.244534741142594,
      "median": 33.33333333333333
    },
    "pck@0.10": {
      "mean": 51.91580220604988,
      "std": 29.336089406902136,
      "median": 55.55555555555556
    },
    "pck@0.20": {
      "mean": 77.78166449993076,
      "std": 27.691598056242093,
      "median": 87.5
    }
  },
  "cow": {
    "pck@0.05": {
      "mean": 67.31610584440499,
      "std": 23.978272814049664,
      "median": 70.0
    },
    "pck@0.10": {
      "mean": 81.65607071618827,
      "std": 18.474077158651713,
      "median": 85.71428571428571
    },
    "pck@0.20": {
      "mean": 94.18742260679423,
      "std": 10.87927664513753,
      "median": 100.0
    }
  },
  "dog": {
    "pck@0.05": {
      "mean": 61.211830299330295,
      "std": 21.16484529638989,
      "median": 63.63636363636363
    },
    "pck@0.10": {
      "mean": 76.96025456025457,
      "std": 19.10996449432788,
      "median": 80.0
    },
    "pck@0.20": {
      "mean": 92.18886992636993,
      "std": 11.700667043237853,
      "median": 100.0
    }
  },
  "horse": {
    "pck@0.05": {
      "mean": 63.415814278314286,
      "std": 26.203446691717282,
      "median": 66.66666666666666
    },
    "pck@0.10": {
      "mean": 79.99520757020757,
      "std": 23.65496979786394,
      "median": 87.5
    },
    "pck@0.20": {
      "mean": 90.57863432863431,
      "std": 16.926370390088152,
      "median": 100.0
    }
  },
  "motorbike": {
    "pck@0.05": {
      "mean": 45.59987337765115,
      "std": 29.24697400545108,
      "median": 50.0
    },
    "pck@0.10": {
      "mean": 62.40345045900601,
      "std": 30.381831034130087,
      "median": 66.66666666666666
    },
    "pck@0.20": {
      "mean": 80.12249581694026,
      "std": 25.018011795296996,
      "median": 86.60714285714286
    }
  },
  "person": {
    "pck@0.05": {
      "mean": 62.629327510096736,
      "std": 29.322416920189216,
      "median": 66.66666666666666
    },
    "pck@0.10": {
      "mean": 78.10258971797433,
      "std": 25.883071677604246,
      "median": 85.71428571428571
    },
    "pck@0.20": {
      "mean": 89.68387638003024,
      "std": 19.29345173377577,
      "median": 100.0
    }
  },
  "pottedplant": {
    "pck@0.05": {
      "mean": 39.59907745000552,
      "std": 31.530251762853776,
      "median": 40.0
    },
    "pck@0.10": {
      "mean": 60.45773026921519,
      "std": 33.73574148940453,
      "median": 62.5
    },
    "pck@0.20": {
      "mean": 75.42886605531618,
      "std": 31.441735548634195,
      "median": 87.5
    }
  },
  "sheep": {
    "pck@0.05": {
      "mean": 55.49910481331016,
      "std": 34.89656445264622,
      "median": 60.0
    },
    "pck@0.10": {
      "mean": 70.69965196282968,
      "std": 32.75217074907478,
      "median": 82.57575757575759
    },
    "pck@0.20": {
      "mean": 86.3649382401597,
      "std": 24.48133748026222,
      "median": 100.0
    }
  },
  "train": {
    "pck@0.05": {
      "mean": 49.00873193531923,
      "std": 23.910897536009728,
      "median": 50.0
    },
    "pck@0.10": {
      "mean": 73.16456764869461,
      "std": 22.736151210466225,
      "median": 78.57142857142857
    },
    "pck@0.20": {
      "mean": 91.10892818234088,
      "std": 14.667324574665518,
      "median": 100.0
    }
  },
  "tvmonitor": {
    "pck@0.05": {
      "mean": 33.88457520321682,
      "std": 20.47257863459398,
      "median": 33.33333333333333
    },
    "pck@0.10": {
      "mean": 50.15144136531419,
      "std": 24.823338698482143,
      "median": 50.0
    },
    "pck@0.20": {
      "mean": 69.31833921537678,
      "std": 25.149965558889154,
      "median": 75.0
    }
  }
}