{
  "inference_time_sec": 2416.197793483734,
  "pck@0.05": {
    "mean": 58.52092114865096,
    "std": 30.433936835896784,
    "median": 63.06818181818181,
    "p25": 37.5,
    "p75": 83.33333333333334
  },
  "pck@0.10": {
    "mean": 70.44929029351901,
    "std": 28.81831327563698,
    "median": 77.77777777777779,
    "p25": 54.54545454545454,
    "p75": 100.0
  },
  "pck@0.20": {
    "mean": 79.2949950901731,
    "std": 26.88354213203909,
    "median": 88.88888888888889,
    "p25": 66.66666666666666,
    "p75": 100.0
  }
}