{
  "pck@0.05": {
    "mean": 61.888888888888886,
    "std": 19.521212582714803,
    "median": 60.0,
    "p25": 50.0,
    "p75": 80.0,
    "per_keypoint_mean": 61.88888888888889
  },
  "pck@0.10": {
    "mean": 83.07777777777778,
    "std": 15.535475766517514,
    "median": 90.0,
    "p25": 70.0,
    "p75": 100.0,
    "per_keypoint_mean": 83.07777777777777
  },
  "pck@0.20": {
    "mean": 94.4888888888889,
    "std": 8.533444567313582,
    "median": 100.0,
    "p25": 90.0,
    "p75": 100.0,
    "per_keypoint_mean": 94.4888888888889
  }
}