{
  "pck@0.05": {
    "mean": 11.717234426298162,
    "std": 15.918988370337887,
    "median": 0.0,
    "p25": 0.0,
    "p75": 20.0,
    "per_keypoint_mean": 13.91178335295716
  },
  "pck@0.10": {
    "mean": 20.438023154089464,
    "std": 21.583424603836146,
    "median": 16.666666666666664,
    "p25": 0.0,
    "p75": 33.33333333333333,
    "per_keypoint_mean": 23.578027352594873
  },
  "pck@0.20": {
    "mean": 33.405936199817546,
    "std": 26.594062227922826,
    "median": 33.33333333333333,
    "p25": 11.11111111111111,
    "p75": 50.0,
    "per_keypoint_mean": 37.554342903722485
  }
}