{
  "inference_time_sec": 6340.651601076126,
  "pck@0.05": {
    "mean": 45.13359289886513,
    "std": 28.865356119223108,
    "median": 50.0,
    "p25": 22.22222222222222,
    "p75": 66.66666666666666
  },
  "pck@0.10": {
    "mean": 57.96892260319724,
    "std": 29.5662672934147,
    "median": 62.5,
    "p25": 37.5,
    "p75": 81.25
  },
  "pck@0.20": {
    "mean": 69.06081437629277,
    "std": 28.358899560964076,
    "median": 75.0,
    "p25": 50.0,
    "p75": 91.66666666666666
  }
}