{
  "inference_time_sec": 2421.001229763031,
  "pck@0.05": {
    "mean": 58.96767242805441,
    "std": 30.504187634110902,
    "median": 66.66666666666666,
    "p25": 37.5,
    "p75": 83.33333333333334
  },
  "pck@0.10": {
    "mean": 71.10638631939275,
    "std": 28.650018893218206,
    "median": 78.57142857142857,
    "p25": 55.55555555555556,
    "p75": 100.0
  },
  "pck@0.20": {
    "mean": 79.74895776129594,
    "std": 26.711160051642832,
    "median": 90.0,
    "p25": 70.0,
    "p75": 100.0
  }
}