threshold,best_K,best_temperature,best_pck_mean,best_pck_median,best_pck_std
0.05,5,0.05,27.582402747037435,25.0,25.306754280937316
0.1,5,0.1,38.322686085923756,36.36363636363637,28.864277254019626
0.2,5,0.2,50.736419953055986,50.0,30.33877713819681
