K,temperature,inference_time_sec,pck@0.05_mean,pck@0.05_std,pck@0.05_median,pck@0.05_p25,pck@0.05_p75,pck@0.10_mean,pck@0.10_std,pck@0.10_median,pck@0.10_p25,pck@0.10_p75,pck@0.20_mean,pck@0.20_std,pck@0.20_median,pck@0.20_p25,pck@0.20_p75
5,0.01,603.2325098514557,27.197543276297143,25.08773573828826,25.0,0.0,44.44444444444444,38.16364513483586,28.59438542279547,36.36363636363637,14.285714285714285,60.0,50.52953471590679,30.364101326138755,50.0,25.0,75.0
5,0.05,602.4434642791748,27.582402747037435,25.306754280937316,25.0,0.0,44.696969696969695,38.31676332353577,28.76192654358684,36.36363636363637,14.285714285714285,60.0,50.609290834238536,30.33377892244626,50.0,25.0,75.0
5,0.1,602.1662323474884,27.56004320341118,25.35409345953074,25.0,0.0,44.696969696969695,38.322686085923756,28.864277254019626,36.36363636363637,14.285714285714285,60.0,50.723707126217974,30.35371154436002,50.0,25.0,75.0
5,0.2,602.6778762340546,27.334477087079396,25.293261227979187,25.0,0.0,44.44444444444444,38.3161822095522,28.778297212073586,36.36363636363637,14.285714285714285,60.0,50.736419953055986,30.33877713819681,50.0,25.0,75.0
5,0.5,600.4240479469299,27.12050423853024,25.126318305050244,25.0,0.0,44.44444444444444,38.16975180463531,28.648854883360126,36.36363636363637,14.285714285714285,60.0,50.62491834174011,30.29973808754959,50.0,25.0,75.0
5,1.0,601.2354161739349,26.935662200512127,25.06953225449577,25.0,0.0,43.75,38.11332788313733,28.598726905390233,35.714285714285715,14.285714285714285,60.0,50.51165150600857,30.29444607660307,50.0,25.0,75.0
5,2.0,600.2808275222778,26.811839040842013,25.028260478119943,25.0,0.0,42.857142857142854,38.063080180122164,28.53636626284155,36.36363636363637,14.285714285714285,60.0,50.50782582656996,30.280494888612196,50.0,25.0,75.0
