{
  "inference_time_sec": 3441.9862303733826,
  "pck@0.05": {
    "mean": 54.13333333333333,
    "std": 20.3421838661547,
    "median": 60.0,
    "p25": 40.0,
    "p75": 70.0
  },
  "pck@0.10": {
    "mean": 80.77777777777777,
    "std": 17.063787372859895,
    "median": 80.0,
    "p25": 70.0,
    "p75": 90.0
  },
  "pck@0.20": {
    "mean": 93.77777777777777,
    "std": 10.36851835314507,
    "median": 100.0,
    "p25": 90.0,
    "p75": 100.0
  }
}