{
  "pck@0.05": {
    "mean": 54.13333333333333,
    "std": 20.353494505819945,
    "median": 60.0,
    "p25": 40.0,
    "p75": 70.0,
    "per_keypoint_mean": 54.13333333333333
  },
  "pck@0.10": {
    "mean": 80.77777777777777,
    "std": 17.073275161957113,
    "median": 80.0,
    "p25": 70.0,
    "p75": 90.0,
    "per_keypoint_mean": 80.77777777777779
  },
  "pck@0.20": {
    "mean": 93.77777777777777,
    "std": 10.374283445808011,
    "median": 100.0,
    "p25": 90.0,
    "p75": 100.0,
    "per_keypoint_mean": 93.77777777777779
  }
}