{
  "grid_search_summary": {
    "model": "SAM",
    "search_type": "window_temperature_validation",
    "fixed_K": 5,
    "temperature_range": [0.01, 0.05, 0.1, 0.2, 0.5, 1.0, 2.0],
    "dataset": "validation"
  },
  "best_parameters": {
    "pck@0.05": {
      "temperature": 0.05,
      "K": 5,
      "pck_mean": 27.582402747037435,
      "pck_median": 25.0,
      "pck_std": 25.306754280937316
    },
    "pck@0.10": {
      "temperature": 0.1,
      "K": 5,
      "pck_mean": 38.322686085923756,
      "pck_median": 36.36363636363637,
      "pck_std": 28.864277254019626
    },
    "pck@0.20": {
      "temperature": 0.2,
      "K": 5,
      "pck_mean": 50.736419953055986,
      "pck_median": 50.0,
      "pck_std": 30.33877713819681
    }
  },
  "all_results": {
    "temp_0.01": {
      "K": 5,
      "temperature": 0.01,
      "inference_time_sec": 603.2325098514557,
      "pck@0.05": {
        "mean": 27.197543276297143,
        "std": 25.08773573828826,
        "median": 25.0,
        "p25": 0.0,
        "p75": 44.44444444444444
      },
      "pck@0.10": {
        "mean": 38.16364513483586,
        "std": 28.59438542279547,
        "median": 36.36363636363637,
        "p25": 14.285714285714285,
        "p75": 60.0
      },
      "pck@0.20": {
        "mean": 50.52953471590679,
        "std": 30.364101326138755,
        "median": 50.0,
        "p25": 25.0,
        "p75": 75.0
      }
    },
    "temp_0.05": {
      "K": 5,
      "temperature": 0.05,
      "inference_time_sec": 602.4434642791748,
      "pck@0.05": {
        "mean": 27.582402747037435,
        "std": 25.306754280937316,
        "median": 25.0,
        "p25": 0.0,
        "p75": 44.696969696969695
      },
      "pck@0.10": {
        "mean": 38.31676332353577,
        "std": 28.76192654358684,
        "median": 36.36363636363637,
        "p25": 14.285714285714285,
        "p75": 60.0
      },
      "pck@0.20": {
        "mean": 50.609290834238536,
        "std": 30.33377892244626,
        "median": 50.0,
        "p25": 25.0,
        "p75": 75.0
      }
    },
    "temp_0.1": {
      "K": 5,
      "temperature": 0.1,
      "inference_time_sec": 602.1662323474884,
      "pck@0.05": {
        "mean": 27.56004320341118,
        "std": 25.35409345953074,
        "median": 25.0,
        "p25": 0.0,
        "p75": 44.696969696969695
      },
      "pck@0.10": {
        "mean": 38.322686085923756,
        "std": 28.864277254019626,
        "median": 36.36363636363637,
        "p25": 14.285714285714285,
        "p75": 60.0
      },
      "pck@0.20": {
        "mean": 50.723707126217974,
        "std": 30.35371154436002,
        "median": 50.0,
        "p25": 25.0,
        "p75": 75.0
      }
    },
    "temp_0.2": {
      "K": 5,
      "temperature": 0.2,
      "inference_time_sec": 602.6778762340546,
      "pck@0.05": {
        "mean": 27.334477087079396,
        "std": 25.293261227979187,
        "median": 25.0,
        "p25": 0.0,
        "p75": 44.44444444444444
      },
      "pck@0.10": {
        "mean": 38.3161822095522,
        "std": 28.778297212073586,
        "median": 36.36363636363637,
        "p25": 14.285714285714285,
        "p75": 60.0
      },
      "pck@0.20": {
        "mean": 50.736419953055986,
        "std": 30.33877713819681,
        "median": 50.0,
        "p25": 25.0,
        "p75": 75.0
      }
    },
    "temp_0.5": {
      "K": 5,
      "temperature": 0.5,
      "inference_time_sec": 600.4240479469299,
      "pck@0.05": {
        "mean": 27.12050423853024,
        "std": 25.126318305050244,
        "median": 25.0,
        "p25": 0.0,
        "p75": 44.44444444444444
      },
      "pck@0.10": {
        "mean": 38.16975180463531,
        "std": 28.648854883360126,
        "median": 36.36363636363637,
        "p25": 14.285714285714285,
        "p75": 60.0
      },
      "pck@0.20": {
        "mean": 50.62491834174011,
        "std": 30.29973808754959,
        "median": 50.0,
        "p25": 25.0,
        "p75": 75.0
      }
    },
    "temp_1.0": {
      "K": 5,
      "temperature": 1.0,
      "inference_time_sec": 601.2354161739349,
      "pck@0.05": {
        "mean": 26.935662200512127,
        "std": 25.06953225449577,
        "median": 25.0,
        "p25": 0.0,
        "p75": 43.75
      },
      "pck@0.10": {
        "mean": 38.11332788313733,
        "std": 28.598726905390233,
        "median": 35.714285714285715,
        "p25": 14.285714285714285,
        "p75": 60.0
      },
      "pck@0.20": {
        "mean": 50.51165150600857,
        "std": 30.29444607660307,
        "median": 50.0,
        "p25": 25.0,
        "p75": 75.0
      }
    },
    "temp_2.0": {
      "K": 5,
      "temperature": 2.0,
      "inference_time_sec": 600.2808275222778,
      "pck@0.05": {
        "mean": 26.811839040842013,
        "std": 25.028260478119943,
        "median": 25.0,
        "p25": 0.0,
        "p75": 42.857142857142854
      },
      "pck@0.10": {
        "mean": 38.063080180122164,
        "std": 28.53636626284155,
        "median": 36.36363636363637,
        "p25": 14.285714285714285,
        "p75": 60.0
      },
      "pck@0.20": {
        "mean": 50.50782582656996,
        "std": 30.280494888612196,
        "median": 50.0,
        "p25": 25.0,
        "p75": 75.0
      }
    }
  },
  "analysis": {
    "observation": "Best temperature varies by threshold: 0.05 for PCK@0.05, 0.1 for PCK@0.10, and 0.2 for PCK@0.20",
    "temperature_trend": "Performance peaks around 0.05-0.2, then gradually decreases with higher temperatures",
    "optimal_range": [0.05, 0.2]
  }
}