{
  "pck@0.05": {
    "mean": 29.076987815400678,
    "std": 25.425264377195187,
    "median": 25.0,
    "p25": 0.0,
    "p75": 50.0
  },
  "pck@0.10": {
    "mean": 45.28464327202593,
    "std": 30.091209879756658,
    "median": 50.0,
    "p25": 20.0,
    "p75": 69.23076923076923
  },
  "pck@0.20": {
    "mean": 61.02671404845572,
    "std": 31.460927527266875,
    "median": 66.66666666666666,
    "p25": 40.0,
    "p75": 87.5
  }
}