{
  "aeroplane": {
    "pck@0.05": {
      "mean": 37.00282116254993,
      "std": 24.777820724396733,
      "median": 33.33333333333333
    },
    "pck@0.10": {
      "mean": 51.22304738368475,
      "std": 27.18255602639999,
      "median": 50.0
    },
    "pck@0.20": {
      "mean": 64.72299044613622,
      "std": 26.128277065778136,
      "median": 66.66666666666666
    }
  },
  "bicycle": {
    "pck@0.05": {
      "mean": 18.888494838494836,
      "std": 18.582670274447565,
      "median": 16.666666666666664
    },
    "pck@0.10": {
      "mean": 33.61946941946942,
      "std": 25.033439670600846,
      "median": 33.33333333333333
    },
    "pck@0.20": {
      "mean": 49.096703296703296,
      "std": 27.941522202738874,
      "median": 50.0
    }
  },
  "bird": {
    "pck@0.05": {
      "mean": 46.92965668393019,
      "std": 23.881489869053173,
      "median": 45.45454545454545
    },
    "pck@0.10": {
      "mean": 70.00505667172334,
      "std": 21.411643748685023,
      "median": 71.42857142857143
    },
    "pck@0.20": {
      "mean": 86.08272820879658,
      "std": 16.983975048960577,
      "median": 88.88888888888889
    }
  },
  "boat": {
    "pck@0.05": {
      "mean": 14.709107764663319,
      "std": 21.25343302276274,
      "median": 0.0
    },
    "pck@0.10": {
      "mean": 24.86879889657667,
      "std": 28.193046045128742,
      "median": 16.666666666666664
    },
    "pck@0.20": {
      "mean": 37.45749106860218,
      "std": 33.6699840733103,
      "median": 33.33333333333333
    }
  },
  "bottle": {
    "pck@0.05": {
      "mean": 31.006522532384597,
      "std": 27.536304319672976,
      "median": 25.0
    },
    "pck@0.10": {
      "mean": 45.96875570151432,
      "std": 32.89340659463581,
      "median": 50.0
    },
    "pck@0.20": {
      "mean": 60.448686371100166,
      "std": 33.350006611728176,
      "median": 66.66666666666666
    }
  },
  "bus": {
    "pck@0.05": {
      "mean": 23.427371315912602,
      "std": 24.637948115376133,
      "median": 16.666666666666664
    },
    "pck@0.10": {
      "mean": 33.67530427849664,
      "std": 31.07926274339941,
      "median": 28.57142857142857
    },
    "pck@0.20": {
      "mean": 43.66776585469497,
      "std": 35.84246227930486,
      "median": 40.0
    }
  },
  "car": {
    "pck@0.05": {
      "mean": 23.620266160159776,
      "std": 26.59333610418147,
      "median": 16.666666666666664
    },
    "pck@0.10": {
      "mean": 35.21510798106543,
      "std": 32.97691920047469,
      "median": 28.57142857142857
    },
    "pck@0.20": {
      "mean": 45.72010141159077,
      "std": 34.972977911261204,
      "median": 50.0
    }
  },
  "cat": {
    "pck@0.05": {
      "mean": 52.254575517075516,
      "std": 21.77443952050745,
      "median": 55.55555555555556
    },
    "pck@0.10": {
      "mean": 66.12810106560106,
      "std": 18.269847367595883,
      "median": 66.66666666666666
    },
    "pck@0.20": {
      "mean": 80.13785381285382,
      "std": 13.32023962618935,
      "median": 80.0
    }
  },
  "chair": {
    "pck@0.05": {
      "mean": 17.428184990104494,
      "std": 20.785371724011508,
      "median": 12.5
    },
    "pck@0.10": {
      "mean": 29.60982558892775,
      "std": 25.41334587114418,
      "median": 27.922077922077918
    },
    "pck@0.20": {
      "mean": 43.693173441625454,
      "std": 29.090186643452242,
      "median": 42.857142857142854
    }
  },
  "cow": {
    "pck@0.05": {
      "mean": 37.5794091818001,
      "std": 25.61401120877154,
      "median": 36.03896103896104
    },
    "pck@0.10": {
      "mean": 59.13096585861679,
      "std": 26.07293761912624,
      "median": 61.53846153846154
    },
    "pck@0.20": {
      "mean": 75.51002715612454,
      "std": 22.088424817690832,
      "median": 77.77777777777779
    }
  },
  "dog": {
    "pck@0.05": {
      "mean": 31.627772227772226,
      "std": 20.298766926836002,
      "median": 31.666666666666664
    },
    "pck@0.10": {
      "mean": 48.53698708698709,
      "std": 22.85714080075844,
      "median": 50.0
    },
    "pck@0.20": {
      "mean": 66.48975838975839,
      "std": 22.54257592180198,
      "median": 70.0
    }
  },
  "horse": {
    "pck@0.05": {
      "mean": 27.459813797313792,
      "std": 22.811007145658362,
      "median": 25.0
    },
    "pck@0.10": {
      "mean": 44.78115264365264,
      "std": 25.919758413392216,
      "median": 44.44444444444444
    },
    "pck@0.20": {
      "mean": 62.61826923076923,
      "std": 25.893011971064276,
      "median": 66.66666666666666
    }
  },
  "motorbike": {
    "pck@0.05": {
      "mean": 20.041774069551845,
      "std": 21.46453956865557,
      "median": 16.666666666666664
    },
    "pck@0.10": {
      "mean": 35.60546963324741,
      "std": 28.732064680950423,
      "median": 33.33333333333333
    },
    "pck@0.20": {
      "mean": 52.80643738977073,
      "std": 30.738622135006406,
      "median": 50.0
    }
  },
  "person": {
    "pck@0.05": {
      "mean": 34.022113783652244,
      "std": 25.796581874310284,
      "median": 33.33333333333333
    },
    "pck@0.10": {
      "mean": 55.43947163947164,
      "std": 27.502620169685727,
      "median": 60.0
    },
    "pck@0.20": {
      "mean": 71.62362551977937,
      "std": 26.811246805656126,
      "median": 77.77777777777779
    }
  },
  "pottedplant": {
    "pck@0.05": {
      "mean": 20.143032077486833,
      "std": 24.162169936043806,
      "median": 12.5
    },
    "pck@0.10": {
      "mean": 39.512899127168275,
      "std": 32.14226765019074,
      "median": 40.0
    },
    "pck@0.20": {
      "mean": 59.97385187640408,
      "std": 34.60107875619041,
      "median": 66.66666666666666
    }
  },
  "sheep": {
    "pck@0.05": {
      "mean": 25.122683258646227,
      "std": 27.21357805622565,
      "median": 20.0
    },
    "pck@0.10": {
      "mean": 39.67385468348881,
      "std": 31.69409267799022,
      "median": 39.23076923076923
    },
    "pck@0.20": {
      "mean": 57.59371974489799,
      "std": 33.57799629814295,
      "median": 60.0
    }
  },
  "train": {
    "pck@0.05": {
      "mean": 34.77768722312373,
      "std": 23.040219955276697,
      "median": 33.33333333333333
    },
    "pck@0.10": {
      "mean": 53.45511869817425,
      "std": 25.932635141172646,
      "median": 53.84615384615385
    },
    "pck@0.20": {
      "mean": 72.68381108162853,
      "std": 24.57640896488917,
      "median": 78.57142857142857
    }
  },
  "tvmonitor": {
    "pck@0.05": {
      "mean": 29.809456158805872,
      "std": 18.95159310686513,
      "median": 30.0
    },
    "pck@0.10": {
      "mean": 49.403833161058586,
      "std": 25.167991675601716,
      "median": 50.0
    },
    "pck@0.20": {
      "mean": 66.75067386050046,
      "std": 27.93442312743597,
      "median": 75.0
    }
  }
}