{
  "n_blocks": 2,
  "temperature": 15,
  "learning_rate": 0.0005,
  "num_epochs": 1,
  "pck@0.05": 49.01544859391811,
  "pck@0.10": 62.51398118418176,
  "pck@0.20": 73.66092893860137,
  "training_history": [
    {
      "epoch": 1,
      "train_loss": 0.5471347081584443,
      "learning_rate": 0.0005,
      "val_pck@0.05": 49.01544859391811,
      "val_pck@0.10": 62.51398118418176,
      "val_pck@0.20": 73.66092893860137
    }
  ]
}