threshold,best_K,best_temperature,best_pck_mean,best_pck_median,best_pck_std
0.05,5,0.1,27.56004320341118,25.0,25.35409345953074
0.1,7,0.1,38.695308645374254,37.5,29.04205318961203
0.2,15,0.1,51.41460194530307,50.0,30.817963182671935
