{
  "inference_time_sec": 4462.1827483177185,
  "pck@0.05": {
    "mean": 46.59150882447242,
    "std": 29.156983630482898,
    "median": 50.0,
    "p25": 25.0,
    "p75": 68.75
  },
  "pck@0.10": {
    "mean": 58.8939327093236,
    "std": 29.72951256524119,
    "median": 63.63636363636363,
    "p25": 37.5,
    "p75": 83.33333333333334
  },
  "pck@0.20": {
    "mean": 69.57524919358654,
    "std": 28.220369667594674,
    "median": 75.0,
    "p25": 50.0,
    "p75": 92.3076923076923
  }
}