{
  "pck@0.05": {
    "mean": 46.59150882447242,
    "std": 29.158175340929535,
    "median": 50.0,
    "p25": 25.0,
    "p75": 68.75,
    "per_keypoint_mean": 50.51172901005344
  },
  "pck@0.10": {
    "mean": 58.893932709323614,
    "std": 29.73072767621242,
    "median": 63.63636363636363,
    "p25": 37.5,
    "p75": 83.33333333333334,
    "per_keypoint_mean": 63.27891495335567
  },
  "pck@0.20": {
    "mean": 69.57524919358654,
    "std": 28.22152309655588,
    "median": 75.0,
    "p25": 50.0,
    "p75": 92.3076923076923,
    "per_keypoint_mean": 73.83049542613892
  }
}