{
  "n_blocks": 2,
  "temperature": 5,
  "learning_rate": 0.0001,
  "num_epochs": 1,
  "pck@0.05": 40.74022868877348,
  "pck@0.10": 53.23881822063137,
  "pck@0.20": 64.36376085267754,
  "training_history": [
    {
      "epoch": 1,
      "train_loss": 1.2990323413776623,
      "learning_rate": 0.0001,
      "val_pck@0.05": 40.74022868877348,
      "val_pck@0.10": 53.23881822063137,
      "val_pck@0.20": 64.36376085267754
    }
  ]
}