{
  "inference_time_sec": 5551.952841043472,
  "pck@0.05": {
    "mean": 56.31353926831188,
    "std": 30.23612354960596,
    "median": 60.0,
    "p25": 33.33333333333333,
    "p75": 80.0
  },
  "pck@0.10": {
    "mean": 68.57734659233053,
    "std": 29.31640684898919,
    "median": 75.0,
    "p25": 50.0,
    "p75": 91.66666666666666
  },
  "pck@0.20": {
    "mean": 78.03086185440455,
    "std": 26.886322834430228,
    "median": 87.5,
    "p25": 66.66666666666666,
    "p75": 100.0
  }
}