{
  "grid_search_summary": {
    "model": "dinov3",
    "search_type": "window_k_validation",
    "fixed_temperature": 0.2,
    "k_range": [3, 5, 7, 9, 11, 13, 15],
    "dataset": "validation"
  },
  "best_parameters": {
    "pck@0.05": {
      "K": 3,
      "temperature": 0.2,
      "pck_mean": 57.2835201601025,
      "pck_median": 62.5,
      "pck_std": 29.674434655827802
    },
    "pck@0.10": {
      "K": 7,
      "temperature": 0.2,
      "pck_mean": 69.8728675962397,
      "pck_median": 76.92307692307693,
      "pck_std": 28.891832677491387
    },
    "pck@0.20": {
      "K": 9,
      "temperature": 0.2,
      "pck_mean": 79.36926956043554,
      "pck_median": 88.88888888888889,
      "pck_std": 26.548261153011786
    }
  },
  "all_results": {
    "k_3": {
      "K": 3,
      "temperature": 0.2,
      "inference_time_sec": 915.1067593097687,
      "pck@0.05": {
        "mean": 57.2835201601025,
        "std": 29.674434655827802,
        "median": 62.5,
        "p25": 36.36363636363637,
        "p75": 80.0
      },
      "pck@0.10": {
        "mean": 69.23655530516345,
        "std": 28.77168307884008,
        "median": 75.0,
        "p25": 50.0,
        "p75": 91.66666666666666
      },
      "pck@0.20": {
        "mean": 78.84148801769136,
        "std": 26.587197056035905,
        "median": 87.5,
        "p25": 66.66666666666666,
        "p75": 100.0
      }
    },
    "k_5": {
      "K": 5,
      "temperature": 0.2,
      "inference_time_sec": 920.4695816040039,
      "pck@0.05": {
        "mean": 56.771596104847305,
        "std": 30.215091857933874,
        "median": 60.0,
        "p25": 33.33333333333333,
        "p75": 80.0
      },
      "pck@0.10": {
        "mean": 69.85714083769928,
        "std": 28.683234586357614,
        "median": 76.92307692307693,
        "p25": 50.0,
        "p75": 92.85714285714286
      },
      "pck@0.20": {
        "mean": 79.0730586748285,
        "std": 26.58381660808999,
        "median": 87.5,
        "p25": 66.66666666666666,
        "p75": 100.0
      }
    },
    "k_7": {
      "K": 7,
      "temperature": 0.2,
      "inference_time_sec": 920.1809306144714,
      "pck@0.05": {
        "mean": 55.04946583970575,
        "std": 30.318558436851955,
        "median": 60.0,
        "p25": 33.33333333333333,
        "p75": 80.0
      },
      "pck@0.10": {
        "mean": 69.8728675962397,
        "std": 28.891832677491387,
        "median": 76.92307692307693,
        "p25": 50.0,
        "p75": 92.85714285714286
      },
      "pck@0.20": {
        "mean": 79.21219226531032,
        "std": 26.567980548513173,
        "median": 88.88888888888889,
        "p25": 66.66666666666666,
        "p75": 100.0
      }
    },
    "k_9": {
      "K": 9,
      "temperature": 0.2,
      "inference_time_sec": 920.7172474861145,
      "pck@0.05": {
        "mean": 52.08566172550231,
        "std": 30.220269313741472,
        "median": 55.55555555555556,
        "p25": 30.0,
        "p75": 75.0
      },
      "pck@0.10": {
        "mean": 69.15978201122968,
        "std": 29.29712978810017,
        "median": 75.0,
        "p25": 50.0,
        "p75": 92.85714285714286
      },
      "pck@0.20": {
        "mean": 79.36926956043554,
        "std": 26.548261153011786,
        "median": 88.88888888888889,
        "p25": 66.66666666666666,
        "p75": 100.0
      }
    },
    "k_11": {
      "K": 11,
      "temperature": 0.2,
      "inference_time_sec": 920.1939985752106,
      "pck@0.05": {
        "mean": 48.072895571847575,
        "std": 29.96520147052137,
        "median": 50.0,
        "p25": 25.0,
        "p75": 71.42857142857143
      },
      "pck@0.10": {
        "mean": 68.20207987248186,
        "std": 29.644798894727845,
        "median": 75.0,
        "p25": 50.0,
        "p75": 92.85714285714286
      },
      "pck@0.20": {
        "mean": 79.27266804922591,
        "std": 26.78250599932574,
        "median": 88.88888888888889,
        "p25": 66.66666666666666,
        "p75": 100.0
      }
    },
    "k_13": {
      "K": 13,
      "temperature": 0.2,
      "inference_time_sec": 919.5188682079315,
      "pck@0.05": {
        "mean": 43.84446485767221,
        "std": 29.5831874316852,
        "median": 44.44444444444444,
        "p25": 20.0,
        "p75": 66.66666666666666
      },
      "pck@0.10": {
        "mean": 66.8881070053777,
        "std": 30.04258762588264,
        "median": 75.0,
        "p25": 50.0,
        "p75": 90.0
      },
      "pck@0.20": {
        "mean": 79.21522237351316,
        "std": 27.082921541620035,
        "median": 88.88888888888889,
        "p25": 66.66666666666666,
        "p75": 100.0
      }
    },
    "k_15": {
      "K": 15,
      "temperature": 0.2,
      "inference_time_sec": 918.58398604393,
      "pck@0.05": {
        "mean": 38.86464324640778,
        "std": 28.66762421261434,
        "median": 37.5,
        "p25": 14.285714285714285,
        "p75": 60.0
      },
      "pck@0.10": {
        "mean": 64.59836653721383,
        "std": 30.46360988140794,
        "median": 71.42857142857143,
        "p25": 50.0,
        "p75": 88.88888888888889
      },
      "pck@0.20": {
        "mean": 78.90822459994777,
        "std": 27.434658441115076,
        "median": 88.88888888888889,
        "p25": 66.66666666666666,
        "p75": 100.0
      }
    }
  },
  "analysis": {
    "observation": "Best K varies by threshold: 3 for PCK@0.05, 7 for PCK@0.10, 9 for PCK@0.20",
    "k_trend": "Lower K values perform better for PCK@0.05, but higher K values give marginal improvements for PCK@0.20",
    "recommendation": "K=5 is a good balanced choice across all thresholds, with minimal trade-offs"
  }
}