{
  "inference_time_sec": 19980.150614976883,
  "pck@0.05": {
    "mean": 36.49421071743258,
    "std": 27.67671293219321,
    "median": 33.33333333333333,
    "p25": 12.5,
    "p75": 57.14285714285714
  },
  "pck@0.10": {
    "mean": 53.2450755581849,
    "std": 30.007485787720167,
    "median": 57.14285714285714,
    "p25": 30.76923076923077,
    "p75": 75.0
  },
  "pck@0.20": {
    "mean": 68.62472069844142,
    "std": 29.126865385108086,
    "median": 75.0,
    "p25": 50.0,
    "p75": 92.85714285714286
  }
}