{
  "pck@0.05": {
    "mean": 36.49421071743258,
    "std": 27.67784414070051,
    "median": 33.33333333333333,
    "p25": 12.5,
    "p75": 57.14285714285714,
    "per_keypoint_mean": 38.59251879358754
  },
  "pck@0.10": {
    "mean": 53.2450755581849,
    "std": 30.008712260072162,
    "median": 57.14285714285714,
    "p25": 30.76923076923077,
    "p75": 75.0,
    "per_keypoint_mean": 55.39919391359478
  },
  "pck@0.20": {
    "mean": 68.62472069844142,
    "std": 29.12805586455538,
    "median": 75.0,
    "p25": 50.0,
    "p75": 92.85714285714286,
    "per_keypoint_mean": 70.94805724119192
  }
}