{
  "inference_time_sec": 13142.663333654404,
  "pck@0.05": {
    "mean": 63.27777777777778,
    "std": 19.02134927903543,
    "median": 60.0,
    "p25": 50.0,
    "p75": 80.0
  },
  "pck@0.10": {
    "mean": 83.78888888888889,
    "std": 15.017763144907539,
    "median": 90.0,
    "p25": 70.0,
    "p75": 100.0
  },
  "pck@0.20": {
    "mean": 94.56666666666666,
    "std": 8.414999834950814,
    "median": 100.0,
    "p25": 90.0,
    "p75": 100.0
  }
}