{
  "inference_time_sec": 828.4662718772888,
  "pck@0.05": {
    "mean": 61.13555027065749,
    "std": 24.702617222620294,
    "median": 61.53846153846154,
    "p25": 48.33333333333333,
    "p75": 80.0
  },
  "pck@0.10": {
    "mean": 78.33350604081471,
    "std": 21.742162838744083,
    "median": 81.81818181818183,
    "p25": 66.66666666666666,
    "p75": 100.0
  },
  "pck@0.20": {
    "mean": 88.12431355122679,
    "std": 17.940477374721844,
    "median": 100.0,
    "p25": 83.33333333333334,
    "p75": 100.0
  }
}