{
  "inference_time_sec": 2316.612091064453,
  "pck@0.05": {
    "mean": 61.22222222222222,
    "std": 21.251288995037857,
    "median": 60.0,
    "p25": 50.0,
    "p75": 80.0
  },
  "pck@0.10": {
    "mean": 82.56666666666666,
    "std": 16.484706717304846,
    "median": 90.0,
    "p25": 70.0,
    "p75": 100.0
  },
  "pck@0.20": {
    "mean": 93.92222222222222,
    "std": 9.070988893509508,
    "median": 100.0,
    "p25": 90.0,
    "p75": 100.0
  }
}