{
  "n_blocks": 2,
  "temperature": 15,
  "learning_rate": 5e-05,
  "num_epochs": 1,
  "pck@0.05": 20.8301498408315,
  "pck@0.10": 30.744451508402374,
  "pck@0.20": 44.08668713536091,
  "training_history": [
    {
      "epoch": 1,
      "train_loss": 0.6955236795907218,
      "learning_rate": 5e-05,
      "val_pck@0.05": 20.8301498408315,
      "val_pck@0.10": 30.744451508402374,
      "val_pck@0.20": 44.08668713536091
    }
  ]
}