{
  "inference_time_sec": 15775.838759183884,
  "pck@0.05": {
    "mean": 32.31435830395721,
    "std": 27.09637309427899,
    "median": 28.57142857142857,
    "p25": 0.0,
    "p75": 50.0
  },
  "pck@0.10": {
    "mean": 48.64388724827754,
    "std": 31.13376814354941,
    "median": 50.0,
    "p25": 25.0,
    "p75": 75.0
  },
  "pck@0.20": {
    "mean": 62.79075062989961,
    "std": 31.848044042585105,
    "median": 70.0,
    "p25": 40.0,
    "p75": 88.88888888888889
  }
}