{
  "n_blocks": 1,
  "temperature": 15,
  "learning_rate": 0.0001,
  "num_epochs": 1,
  "pck@0.05": 19.811304609141857,
  "pck@0.10": 29.224540809205436,
  "pck@0.20": 41.68217573040486,
  "training_history": [
    {
      "epoch": 1,
      "train_loss": 0.7561059633216413,
      "learning_rate": 0.0001,
      "val_pck@0.05": 19.811304609141857,
      "val_pck@0.10": 29.224540809205436,
      "val_pck@0.20": 41.68217573040486
    }
  ]
}