{
  "pck@0.05": {
    "mean": 36.611111111111114,
    "std": 21.21881049152075,
    "median": 30.0,
    "p25": 20.0,
    "p75": 50.0,
    "per_keypoint_mean": 36.611111111111114
  },
  "pck@0.10": {
    "mean": 53.55555555555556,
    "std": 22.767925798939377,
    "median": 50.0,
    "p25": 40.0,
    "p75": 70.0,
    "per_keypoint_mean": 53.55555555555556
  },
  "pck@0.20": {
    "mean": 71.27777777777777,
    "std": 19.917252501921848,
    "median": 70.0,
    "p25": 60.0,
    "p75": 90.0,
    "per_keypoint_mean": 71.27777777777777
  }
}