{
  "inference_time_sec": 2911.6620800495148,
  "pck@0.05": {
    "mean": 36.611111111111114,
    "std": 21.207018987141677,
    "median": 30.0,
    "p25": 20.0,
    "p75": 50.0
  },
  "pck@0.10": {
    "mean": 53.55555555555556,
    "std": 22.755273435751164,
    "median": 50.0,
    "p25": 40.0,
    "p75": 70.0
  },
  "pck@0.20": {
    "mean": 71.27777777777777,
    "std": 19.906184286284155,
    "median": 70.0,
    "p25": 60.0,
    "p75": 90.0
  }
}