{
  "inference_time_sec": 6408.712580680847,
  "pck@0.05": {
    "mean": 46.62090673342717,
    "std": 29.12894786608377,
    "median": 50.0,
    "p25": 25.0,
    "p75": 68.75
  },
  "pck@0.10": {
    "mean": 58.4187231414614,
    "std": 29.560235912452953,
    "median": 62.5,
    "p25": 37.5,
    "p75": 81.81818181818183
  },
  "pck@0.20": {
    "mean": 69.23935695912812,
    "std": 28.289744524455287,
    "median": 75.0,
    "p25": 50.0,
    "p75": 91.66666666666666
  }
}