K,temperature,inference_time_sec,pck@0.05_mean,pck@0.05_std,pck@0.05_median,pck@0.05_p25,pck@0.05_p75,pck@0.10_mean,pck@0.10_std,pck@0.10_median,pck@0.10_p25,pck@0.10_p75,pck@0.20_mean,pck@0.20_std,pck@0.20_median,pck@0.20_p25,pck@0.20_p75
3,0.1,585.7055585384369,27.33714389633818,25.138951695813336,25.0,0.0,44.44444444444444,38.11379934224713,28.587282919963663,36.36363636363637,14.285714285714285,60.0,50.55902720485158,30.32649429926019,50.0,25.0,75.0
5,0.1,585.5397970676422,27.56004320341118,25.35409345953074,25.0,0.0,44.696969696969695,38.322686085923756,28.864277254019626,36.36363636363637,14.285714285714285,60.0,50.723707126217974,30.35371154436002,50.0,25.0,75.0
7,0.1,585.2102217674255,26.91484465438812,25.187134540835878,25.0,0.0,42.857142857142854,38.695308645374254,29.04205318961203,37.5,14.285714285714285,60.0,50.93745655987826,30.412003728983898,50.0,28.246753246753244,75.0
9,0.1,588.0595791339874,25.86111279240632,24.83952369079323,22.22222222222222,0.0,42.857142857142854,38.66609359950052,29.173221477583994,37.5,14.285714285714285,60.0,51.077568893062654,30.484147756592048,50.0,27.27272727272727,75.0
11,0.1,587.1741144657135,24.688563787472688,24.491514948688646,20.0,0.0,40.0,38.3393257628069,29.140712650758573,36.36363636363637,14.285714285714285,60.0,51.23823843546511,30.618361411531662,50.0,26.666666666666668,75.0
13,0.1,586.0294091701508,23.252062969170677,23.794958225053996,20.0,0.0,37.5,37.71880724008905,29.125798144474818,33.33333333333333,12.5,60.0,51.399143092712414,30.66399620896966,50.0,28.57142857142857,75.0
15,0.1,585.4430794715881,21.84816737990285,23.286284940424444,16.666666666666664,0.0,33.8235294117647,36.72498670054206,28.881116627798967,33.33333333333333,12.5,58.333333333333336,51.41460194530307,30.817963182671935,50.0,28.57142857142857,76.92307692307693
