{
  "inference_time_sec": 2458.9325890541077,
  "pck@0.05": {
    "mean": 42.66003755651256,
    "std": 28.72716184431706,
    "median": 42.857142857142854,
    "p25": 20.0,
    "p75": 66.66666666666666
  },
  "pck@0.10": {
    "mean": 55.66670509600234,
    "std": 29.92437813091947,
    "median": 60.0,
    "p25": 33.33333333333333,
    "p75": 80.0
  },
  "pck@0.20": {
    "mean": 67.67461808322531,
    "std": 28.793036137015733,
    "median": 75.0,
    "p25": 50.0,
    "p75": 90.9090909090909
  }
}