{
  "inference_time_sec": 422.35690093040466,
  "pck@0.05": {
    "mean": 12.974109114921626,
    "std": 13.118656962740939,
    "median": 11.11111111111111,
    "p25": 0.0,
    "p75": 20.0
  },
  "pck@0.10": {
    "mean": 47.94288531107339,
    "std": 21.17101533574356,
    "median": 50.0,
    "p25": 33.33333333333333,
    "p75": 62.5
  },
  "pck@0.20": {
    "mean": 87.32992200162178,
    "std": 17.295263295162897,
    "median": 92.3076923076923,
    "p25": 80.0,
    "p75": 100.0
  }
}