{
  "pck@0.05": {
    "mean": 65.7974552443862,
    "std": 21.319812533739192,
    "median": 66.66666666666666,
    "p25": 50.0,
    "p75": 81.81818181818183,
    "per_keypoint_mean": 66.15575807787903
  },
  "pck@0.10": {
    "mean": 86.91669982148046,
    "std": 15.191325227724889,
    "median": 90.0,
    "p25": 80.0,
    "p75": 100.0,
    "per_keypoint_mean": 87.32394366197182
  },
  "pck@0.20": {
    "mean": 95.65455573128207,
    "std": 10.194239911999091,
    "median": 100.0,
    "p25": 100.0,
    "p75": 100.0,
    "per_keypoint_mean": 96.27174813587406
  }
}