{
  "inference_time_sec": 791.3513028621674,
  "pck@0.05": {
    "mean": 65.7974552443862,
    "std": 21.284130814114352,
    "median": 66.66666666666666,
    "p25": 50.0,
    "p75": 81.81818181818183
  },
  "pck@0.10": {
    "mean": 86.91669982148046,
    "std": 15.165900397809162,
    "median": 90.0,
    "p25": 80.0,
    "p75": 100.0
  },
  "pck@0.20": {
    "mean": 95.65455573128207,
    "std": 10.177178410648988,
    "median": 100.0,
    "p25": 100.0,
    "p75": 100.0
  }
}