{
  "inference_time_sec": 136.6229236125946,
  "pck@0.05": {
    "mean": 62.57789361271557,
    "std": 24.850916926933866,
    "median": 63.63636363636363,
    "p25": 50.0,
    "p75": 81.81818181818183
  },
  "pck@0.10": {
    "mean": 78.91546422187774,
    "std": 22.06020094043723,
    "median": 83.33333333333334,
    "p25": 67.70833333333333,
    "p75": 100.0
  },
  "pck@0.20": {
    "mean": 88.4983262469491,
    "std": 18.129017663606174,
    "median": 100.0,
    "p25": 83.33333333333334,
    "p75": 100.0
  }
}