{
  "pck@0.05": {
    "mean": 53.89057959954501,
    "std": 29.239988530131495,
    "median": 57.14285714285714,
    "p25": 33.33333333333333,
    "p75": 76.92307692307693,
    "per_keypoint_mean": 57.72008876007608
  },
  "pck@0.10": {
    "mean": 68.15334675171097,
    "std": 28.932327312230637,
    "median": 75.0,
    "p25": 50.0,
    "p75": 90.9090909090909,
    "per_keypoint_mean": 72.47079068924917
  },
  "pck@0.20": {
    "mean": 78.2973421745852,
    "std": 26.531435522027387,
    "median": 87.5,
    "p25": 66.66666666666666,
    "p75": 100.0,
    "per_keypoint_mean": 82.22647405126348
  }
}