{
  "inference_time_sec": 32361.959121227264,
  "pck@0.05": {
    "mean": 53.89057959954501,
    "std": 29.238793475935424,
    "median": 57.14285714285714,
    "p25": 33.33333333333333,
    "p75": 76.92307692307693
  },
  "pck@0.10": {
    "mean": 68.15334675171096,
    "std": 28.93114483231547,
    "median": 75.0,
    "p25": 50.0,
    "p75": 90.9090909090909
  },
  "pck@0.20": {
    "mean": 78.29734217458521,
    "std": 26.53035116786235,
    "median": 87.5,
    "p25": 66.66666666666666,
    "p75": 100.0
  }
}