{
  "inference_time_sec": 2414.8715949058533,
  "pck@0.05": {
    "mean": 58.80158234213104,
    "std": 30.428939505383514,
    "median": 64.28571428571429,
    "p25": 37.5,
    "p75": 83.33333333333334
  },
  "pck@0.10": {
    "mean": 71.04547108070403,
    "std": 28.71218689011967,
    "median": 80.0,
    "p25": 55.55555555555556,
    "p75": 100.0
  },
  "pck@0.20": {
    "mean": 79.74533506047949,
    "std": 26.63335807485994,
    "median": 88.88888888888889,
    "p25": 68.22916666666666,
    "p75": 100.0
  }
}