{
  "inference_time_sec": 1302.0792319774628,
  "pck@0.05": {
    "mean": 60.8,
    "std": 21.135120849745178,
    "median": 60.0,
    "p25": 50.0,
    "p75": 80.0
  },
  "pck@0.10": {
    "mean": 82.43333333333334,
    "std": 16.56539230511074,
    "median": 90.0,
    "p25": 70.0,
    "p75": 100.0
  },
  "pck@0.20": {
    "mean": 93.88888888888889,
    "std": 9.054703436390815,
    "median": 100.0,
    "p25": 90.0,
    "p75": 100.0
  }
}