{
  "pck@0.05": {
    "mean": 60.8,
    "std": 21.14687237739756,
    "median": 60.0,
    "p25": 50.0,
    "p75": 80.0,
    "per_keypoint_mean": 60.8
  },
  "pck@0.10": {
    "mean": 82.43333333333334,
    "std": 16.574602977106895,
    "median": 90.0,
    "p25": 70.0,
    "p75": 100.0,
    "per_keypoint_mean": 82.43333333333334
  },
  "pck@0.20": {
    "mean": 93.88888888888889,
    "std": 9.059738023066394,
    "median": 100.0,
    "p25": 90.0,
    "p75": 100.0,
    "per_keypoint_mean": 93.88888888888889
  }
}