{
  "inference_time_sec": 344.6959822177887,
  "pck@0.05": {
    "mean": 31.772313582760162,
    "std": 24.199630214153892,
    "median": 28.57142857142857,
    "p25": 12.5,
    "p75": 50.0
  },
  "pck@0.10": {
    "mean": 46.319701103539394,
    "std": 25.597872884520953,
    "median": 50.0,
    "p25": 25.0,
    "p75": 65.15151515151514
  },
  "pck@0.20": {
    "mean": 63.03105869036422,
    "std": 24.809927759858496,
    "median": 63.63636363636363,
    "p25": 50.0,
    "p75": 83.33333333333334
  }
}