{
  "pck@0.05": {
    "mean": 31.772313582760162,
    "std": 24.24019961432661,
    "median": 28.57142857142857,
    "p25": 12.5,
    "p75": 50.0,
    "per_keypoint_mean": 31.56586578293289
  },
  "pck@0.10": {
    "mean": 46.319701103539394,
    "std": 25.640786364579633,
    "median": 50.0,
    "p25": 25.0,
    "p75": 65.15151515151514,
    "per_keypoint_mean": 46.35459817729909
  },
  "pck@0.20": {
    "mean": 63.03105869036422,
    "std": 24.851520291588887,
    "median": 63.63636363636363,
    "p25": 50.0,
    "p75": 83.33333333333334,
    "per_keypoint_mean": 63.587406793703394
  }
}