{
  "inference_time_sec": 1197.9594774246216,
  "pck@0.05": {
    "mean": 13.422222222222222,
    "std": 12.82616923652384,
    "median": 10.0,
    "p25": 0.0,
    "p75": 20.0
  },
  "pck@0.10": {
    "mean": 52.63333333333333,
    "std": 18.916747430077226,
    "median": 60.0,
    "p25": 40.0,
    "p75": 70.0
  },
  "pck@0.20": {
    "mean": 92.08888888888889,
    "std": 10.364088044186731,
    "median": 100.0,
    "p25": 90.0,
    "p75": 100.0
  }
}