{
  "inference_time_sec": 2917.1811723709106,
  "pck@0.05": {
    "mean": 36.67777777777778,
    "std": 20.698001931360846,
    "median": 40.0,
    "p25": 20.0,
    "p75": 50.0
  },
  "pck@0.10": {
    "mean": 54.111111111111114,
    "std": 22.929575488847703,
    "median": 50.0,
    "p25": 40.0,
    "p75": 70.0
  },
  "pck@0.20": {
    "mean": 71.45555555555555,
    "std": 19.798799689269106,
    "median": 70.0,
    "p25": 60.0,
    "p75": 90.0
  }
}