{
  "pck@0.05": {
    "mean": 36.67777777777778,
    "std": 20.70951041261225,
    "median": 40.0,
    "p25": 20.0,
    "p75": 50.0,
    "per_keypoint_mean": 36.67777777777778
  },
  "pck@0.10": {
    "mean": 54.111111111111114,
    "std": 22.942324767280045,
    "median": 50.0,
    "p25": 40.0,
    "p75": 70.0,
    "per_keypoint_mean": 54.11111111111111
  },
  "pck@0.20": {
    "mean": 71.45555555555555,
    "std": 19.80980819703618,
    "median": 70.0,
    "p25": 60.0,
    "p75": 90.0,
    "per_keypoint_mean": 71.45555555555556
  }
}