{
  "pck@0.05": {
    "mean": 31.96346879998267,
    "std": 20.711068199535028,
    "median": 30.0,
    "p25": 16.666666666666664,
    "p75": 50.0,
    "per_keypoint_mean": 33.76139188069594
  },
  "pck@0.10": {
    "mean": 48.97989975355704,
    "std": 22.160641490183895,
    "median": 50.0,
    "p25": 33.33333333333333,
    "p75": 66.66666666666666,
    "per_keypoint_mean": 50.45567522783762
  },
  "pck@0.20": {
    "mean": 66.65044114409646,
    "std": 21.27420990715556,
    "median": 66.66666666666666,
    "p25": 50.0,
    "p75": 82.08556149732621,
    "per_keypoint_mean": 67.85418392709197
  }
}