{
  "inference_time_sec": 974.8751499652863,
  "pck@0.05": {
    "mean": 31.96346879998267,
    "std": 20.676405299593608,
    "median": 30.0,
    "p25": 16.666666666666664,
    "p75": 50.0
  },
  "pck@0.10": {
    "mean": 48.97989975355704,
    "std": 22.123552524457388,
    "median": 50.0,
    "p25": 33.33333333333333,
    "p75": 66.66666666666666
  },
  "pck@0.20": {
    "mean": 66.65044114409646,
    "std": 21.238604509971797,
    "median": 66.66666666666666,
    "p25": 50.0,
    "p75": 82.08556149732621
  }
}