{
  "aeroplane": {
    "pck@0.05": {
      "mean": 63.96737479465639,
      "std": 25.49160566663739,
      "median": 66.66666666666666
    },
    "pck@0.10": {
      "mean": 76.72044855069151,
      "std": 23.142950629269155,
      "median": 80.0
    },
    "pck@0.20": {
      "mean": 87.9085222582665,
      "std": 17.14251672965963,
      "median": 100.0
    }
  },
  "bicycle": {
    "pck@0.05": {
      "mean": 57.95535575535576,
      "std": 28.28480376847151,
      "median": 63.63636363636363
    },
    "pck@0.10": {
      "mean": 74.44690864690864,
      "std": 28.514058495694908,
      "median": 83.33333333333334
    },
    "pck@0.20": {
      "mean": 88.35497835497836,
      "std": 21.18365569500249,
      "median": 100.0
    }
  },
  "bird": {
    "pck@0.05": {
      "mean": 84.46065725980256,
      "std": 17.033275097422283,
      "median": 85.71428571428571
    },
    "pck@0.10": {
      "mean": 95.06176673911716,
      "std": 9.735079820540902,
      "median": 100.0
    },
    "pck@0.20": {
      "mean": 98.90759288195189,
      "std": 4.48806510735621,
      "median": 100.0
    }
  },
  "boat": {
    "pck@0.05": {
      "mean": 34.848448876226655,
      "std": 29.73837136269511,
      "median": 33.33333333333333
    },
    "pck@0.10": {
      "mean": 51.12484737484737,
      "std": 32.466857199282714,
      "median": 50.0
    },
    "pck@0.20": {
      "mean": 70.36528286528286,
      "std": 30.885766459336764,
      "median": 75.0
    }
  },
  "bottle": {
    "pck@0.05": {
      "mean": 39.05259076810801,
      "std": 25.603028001504924,
      "median": 37.5
    },
    "pck@0.10": {
      "mean": 57.59377850757162,
      "std": 26.98596325273655,
      "median": 60.0
    },
    "pck@0.20": {
      "mean": 79.02043422733078,
      "std": 22.197283395012782,
      "median": 84.52380952380952
    }
  },
  "bus": {
    "pck@0.05": {
      "mean": 40.506879882793285,
      "std": 30.64620262897547,
      "median": 37.5
    },
    "pck@0.10": {
      "mean": 50.874880774748334,
      "std": 34.110831065903646,
      "median": 50.0
    },
    "pck@0.20": {
      "mean": 63.799474639354074,
      "std": 34.57104569251204,
      "median": 71.42857142857143
    }
  },
  "car": {
    "pck@0.05": {
      "mean": 38.80687599437599,
      "std": 31.699724819552177,
      "median": 33.33333333333333
    },
    "pck@0.10": {
      "mean": 50.03371800579247,
      "std": 33.310430959524375,
      "median": 50.0
    },
    "pck@0.20": {
      "mean": 66.603053418213,
      "std": 31.509538327059957,
      "median": 75.0
    }
  },
  "cat": {
    "pck@0.05": {
      "mean": 67.71623885373886,
      "std": 15.824161941624812,
      "median": 66.66666666666666
    },
    "pck@0.10": {
      "mean": 78.93397574647575,
      "std": 13.266790401087624,
      "median": 80.0
    },
    "pck@0.20": {
      "mean": 92.9930389055389,
      "std": 8.685533460793053,
      "median": 100.0
    }
  },
  "chair": {
    "pck@0.05": {
      "mean": 36.96300689334745,
      "std": 26.77558209202088,
      "median": 33.33333333333333
    },
    "pck@0.10": {
      "mean": 53.29145613588338,
      "std": 28.96677361172797,
      "median": 55.55555555555556
    },
    "pck@0.20": {
      "mean": 77.0286344202753,
      "std": 27.44420083640358,
      "median": 85.71428571428571
    }
  },
  "cow": {
    "pck@0.05": {
      "mean": 66.65906475450183,
      "std": 24.626203186083576,
      "median": 70.0
    },
    "pck@0.10": {
      "mean": 82.1782124609137,
      "std": 16.904820370768668,
      "median": 84.61538461538461
    },
    "pck@0.20": {
      "mean": 94.0578216496427,
      "std": 10.826945369097338,
      "median": 100.0
    }
  },
  "dog": {
    "pck@0.05": {
      "mean": 64.4401455026455,
      "std": 19.379791255305395,
      "median": 66.66666666666666
    },
    "pck@0.10": {
      "mean": 80.90812798312798,
      "std": 16.741990988739648,
      "median": 83.33333333333334
    },
    "pck@0.20": {
      "mean": 93.75898730898732,
      "std": 10.070153660117045,
      "median": 100.0
    }
  },
  "horse": {
    "pck@0.05": {
      "mean": 64.81288063788064,
      "std": 25.829583177346848,
      "median": 70.0
    },
    "pck@0.10": {
      "mean": 80.84422475672477,
      "std": 22.5846033764781,
      "median": 87.5
    },
    "pck@0.20": {
      "mean": 90.68922605172605,
      "std": 15.976535739216436,
      "median": 100.0
    }
  },
  "motorbike": {
    "pck@0.05": {
      "mean": 57.031158142269256,
      "std": 28.41307444370336,
      "median": 60.0
    },
    "pck@0.10": {
      "mean": 72.92463709130375,
      "std": 28.119510194951147,
      "median": 80.0
    },
    "pck@0.20": {
      "mean": 86.58181838737394,
      "std": 21.260136917906667,
      "median": 100.0
    }
  },
  "person": {
    "pck@0.05": {
      "mean": 61.3272146656762,
      "std": 28.536758860075874,
      "median": 66.66666666666666
    },
    "pck@0.10": {
      "mean": 76.16329909406834,
      "std": 25.655630693318,
      "median": 83.33333333333334
    },
    "pck@0.20": {
      "mean": 86.97159549851857,
      "std": 22.31470225564891,
      "median": 100.0
    }
  },
  "pottedplant": {
    "pck@0.05": {
      "mean": 35.769252016351786,
      "std": 30.885196827033504,
      "median": 33.33333333333333
    },
    "pck@0.10": {
      "mean": 55.03931425625161,
      "std": 33.40072645294,
      "median": 57.14285714285714
    },
    "pck@0.20": {
      "mean": 73.23385077155379,
      "std": 31.485458140510463,
      "median": 85.71428571428571
    }
  },
  "sheep": {
    "pck@0.05": {
      "mean": 60.90443349911369,
      "std": 33.11123619930463,
      "median": 66.66666666666666
    },
    "pck@0.10": {
      "mean": 74.15818712549755,
      "std": 30.19224201349349,
      "median": 83.33333333333334
    },
    "pck@0.20": {
      "mean": 86.44237945199143,
      "std": 24.219458219559314,
      "median": 100.0
    }
  },
  "train": {
    "pck@0.05": {
      "mean": 48.835760616514584,
      "std": 25.403215451054038,
      "median": 50.0
    },
    "pck@0.10": {
      "mean": 70.89127014226221,
      "std": 25.43203978315435,
      "median": 78.57142857142857
    },
    "pck@0.20": {
      "mean": 89.80901575643641,
      "std": 16.47391363348394,
      "median": 100.0
    }
  },
  "tvmonitor": {
    "pck@0.05": {
      "mean": 28.500902998735373,
      "std": 19.24834123078981,
      "median": 30.0
    },
    "pck@0.10": {
      "mean": 45.035996838742506,
      "std": 24.368566741193533,
      "median": 46.15384615384615
    },
    "pck@0.20": {
      "mean": 64.66373081799382,
      "std": 26.297358331920783,
      "median": 70.0
    }
  }
}