{
  "pck@0.05": {
    "mean": 55.7043616841215,
    "std": 29.680631298652848,
    "median": 60.0,
    "p25": 33.33333333333333,
    "p75": 80.0,
    "per_keypoint_mean": 59.781722670048
  },
  "pck@0.10": {
    "mean": 69.1831290483207,
    "std": 29.02294306008904,
    "median": 75.0,
    "p25": 50.0,
    "p75": 91.66666666666666,
    "per_keypoint_mean": 73.71501675572864
  },
  "pck@0.20": {
    "mean": 78.97991190464433,
    "std": 26.478543546957344,
    "median": 87.5,
    "p25": 66.66666666666666,
    "p75": 100.0,
    "per_keypoint_mean": 82.97029254596504
  }
}