{
  "inference_time_sec": 4393.752247095108,
  "pck@0.05": {
    "mean": 63.30604505993056,
    "std": 24.8952830519967,
    "median": 66.66666666666666,
    "p25": 50.0,
    "p75": 81.81818181818183
  },
  "pck@0.10": {
    "mean": 79.36849104073185,
    "std": 21.934344437806924,
    "median": 83.33333333333334,
    "p25": 69.375,
    "p75": 100.0
  },
  "pck@0.20": {
    "mean": 88.55514141245992,
    "std": 18.1750538981414,
    "median": 100.0,
    "p25": 83.33333333333334,
    "p75": 100.0
  }
}