{
  "n_blocks": 2,
  "temperature": 15,
  "learning_rate": 0.0002,
  "num_epochs": 1,
  "pck@0.05": 54.216026150962506,
  "pck@0.10": 67.7184829834709,
  "pck@0.20": 77.71067411209528,
  "training_history": [
    {
      "epoch": 1,
      "train_loss": 0.414602167217181,
      "learning_rate": 0.0002,
      "val_pck@0.05": 54.216026150962506,
      "val_pck@0.10": 67.7184829834709,
      "val_pck@0.20": 77.71067411209528
    }
  ]
}