{
  "inference_time_sec": 433.7780590057373,
  "pck@0.05": {
    "mean": 13.444080893421832,
    "std": 12.832533712637666,
    "median": 11.11111111111111,
    "p25": 0.0,
    "p75": 20.0
  },
  "pck@0.10": {
    "mean": 48.377501463277575,
    "std": 20.430445001143795,
    "median": 50.0,
    "p25": 33.33333333333333,
    "p75": 62.5
  },
  "pck@0.20": {
    "mean": 87.41163376811618,
    "std": 17.154039915198158,
    "median": 92.3076923076923,
    "p25": 80.0,
    "p75": 100.0
  }
}