{
  "inference_time_sec": 5687.771644592285,
  "pck@0.05": {
    "mean": 55.7043616841215,
    "std": 29.679418235147747,
    "median": 60.0,
    "p25": 33.33333333333333,
    "p75": 80.0
  },
  "pck@0.10": {
    "mean": 69.1831290483207,
    "std": 29.021756876659094,
    "median": 75.0,
    "p25": 50.0,
    "p75": 91.66666666666666
  },
  "pck@0.20": {
    "mean": 78.97991190464433,
    "std": 26.477461354516024,
    "median": 87.5,
    "p25": 66.66666666666666,
    "p75": 100.0
  }
}