{
  "inference_time_sec": 8044.868073225021,
  "pck@0.05": {
    "mean": 28.756217656204104,
    "std": 25.26016254014285,
    "median": 25.0,
    "p25": 0.0,
    "p75": 50.0
  },
  "pck@0.10": {
    "mean": 44.99092704527989,
    "std": 29.94604020229261,
    "median": 50.0,
    "p25": 20.0,
    "p75": 66.66666666666666
  },
  "pck@0.20": {
    "mean": 60.880695841802556,
    "std": 31.52925382096796,
    "median": 66.66666666666666,
    "p25": 40.0,
    "p75": 87.5
  }
}