{
  "inference_time_sec": 1308.2944650650024,
  "pck@0.05": {
    "mean": 61.94444444444444,
    "std": 20.207183052409366,
    "median": 60.0,
    "p25": 50.0,
    "p75": 80.0
  },
  "pck@0.10": {
    "mean": 83.25555555555556,
    "std": 16.205665066479487,
    "median": 90.0,
    "p25": 77.5,
    "p75": 100.0
  },
  "pck@0.20": {
    "mean": 94.04444444444445,
    "std": 8.92426294636159,
    "median": 100.0,
    "p25": 90.0,
    "p75": 100.0
  }
}