{
  "pck@0.05": {
    "mean": 61.94444444444444,
    "std": 20.21841862906423,
    "median": 60.0,
    "p25": 50.0,
    "p75": 80.0,
    "per_keypoint_mean": 61.94444444444444
  },
  "pck@0.10": {
    "mean": 83.25555555555556,
    "std": 16.214675723314993,
    "median": 90.0,
    "p25": 77.5,
    "p75": 100.0,
    "per_keypoint_mean": 83.25555555555556
  },
  "pck@0.20": {
    "mean": 94.04444444444445,
    "std": 8.929225005653178,
    "median": 100.0,
    "p25": 90.0,
    "p75": 100.0,
    "per_keypoint_mean": 94.04444444444444
  }
}