{
  "n_blocks": 2,
  "temperature": 15,
  "learning_rate": 0.0002,
  "num_epochs": 1,
  "pck@0.05": 21.868859888601616,
  "pck@0.10": 32.329090187254955,
  "pck@0.20": 45.3681817471788,
  "training_history": [
    {
      "epoch": 1,
      "train_loss": 0.48099015661041405,
      "learning_rate": 0.0002,
      "val_pck@0.05": 21.868859888601616,
      "val_pck@0.10": 32.329090187254955,
      "val_pck@0.20": 45.3681817471788
    }
  ]
}