threshold,best_K,best_temperature,best_pck_mean,best_pck_median,best_pck_std
0.05,5,0.2,49.97054983872291,50.0,29.457941064412964
0.1,9,0.1,61.138388271212015,66.66666666666666,29.79072717888684
0.2,15,0.1,71.935240215568,80.0,28.162994424814173
