{
  "n_blocks": 2,
  "temperature": 15,
  "learning_rate": 0.0001,
  "num_epochs": 1,
  "pck@0.05": 23.46692700894061,
  "pck@0.10": 34.11948888076268,
  "pck@0.20": 46.63039935260774,
  "training_history": [
    {
      "epoch": 1,
      "train_loss": 0.5256091071051525,
      "learning_rate": 0.0001,
      "val_pck@0.05": 23.46692700894061,
      "val_pck@0.10": 34.11948888076268,
      "val_pck@0.20": 46.63039935260774
    }
  ]
}