{
  "n_blocks": 2,
  "temperature": 1,
  "learning_rate": 0.0001,
  "num_epochs": 1,
  "pck@0.05": 19.246465326252817,
  "pck@0.10": 30.647824425829228,
  "pck@0.20": 45.932290873731,
  "training_history": [
    {
      "epoch": 1,
      "train_loss": 5.318709722081954,
      "learning_rate": 0.0001,
      "val_pck@0.05": 19.246465326252817,
      "val_pck@0.10": 30.647824425829228,
      "val_pck@0.20": 45.932290873731
    }
  ]
}