{
  "pck@0.05": {
    "mean": 35.6071476494588,
    "std": 27.738696755357207,
    "median": 33.33333333333333,
    "p25": 12.5,
    "p75": 55.55555555555556,
    "per_keypoint_mean": 38.120414817498414
  },
  "pck@0.10": {
    "mean": 51.90083811435525,
    "std": 30.28814725179856,
    "median": 54.54545454545454,
    "p25": 28.57142857142857,
    "p75": 75.0,
    "per_keypoint_mean": 54.60669323430849
  },
  "pck@0.20": {
    "mean": 67.64205829564558,
    "std": 29.716593293021432,
    "median": 75.0,
    "p25": 50.0,
    "p75": 91.66666666666666,
    "per_keypoint_mean": 70.41028892310479
  }
}