{
  "inference_time_sec": 6350.098644733429,
  "pck@0.05": {
    "mean": 35.6071476494588,
    "std": 27.737563059770533,
    "median": 33.33333333333333,
    "p25": 12.5,
    "p75": 55.55555555555556
  },
  "pck@0.10": {
    "mean": 51.90083811435525,
    "std": 30.286909358786833,
    "median": 54.54545454545454,
    "p25": 28.57142857142857,
    "p75": 75.0
  },
  "pck@0.20": {
    "mean": 67.64205829564558,
    "std": 29.71537875973011,
    "median": 75.0,
    "p25": 50.0,
    "p75": 91.66666666666666
  }
}