{
  "pck@0.05": {
    "mean": 32.04992138274648,
    "std": 24.190328596051657,
    "median": 28.57142857142857,
    "p25": 12.5,
    "p75": 50.0,
    "per_keypoint_mean": 31.814415907207955
  },
  "pck@0.10": {
    "mean": 45.30412247926511,
    "std": 25.658482932705255,
    "median": 50.0,
    "p25": 25.0,
    "p75": 63.63636363636363,
    "per_keypoint_mean": 45.401822700911346
  },
  "pck@0.20": {
    "mean": 62.815205702772104,
    "std": 24.783531769157374,
    "median": 64.28571428571429,
    "p25": 45.45454545454545,
    "p75": 83.33333333333334,
    "per_keypoint_mean": 63.33885666942833
  }
}