{
  "inference_time_sec": 766.4412744045258,
  "pck@0.05": {
    "mean": 32.04992138274648,
    "std": 24.149842662076807,
    "median": 28.57142857142857,
    "p25": 12.5,
    "p75": 50.0
  },
  "pck@0.10": {
    "mean": 45.30412247926511,
    "std": 25.615539834938577,
    "median": 50.0,
    "p25": 25.0,
    "p75": 63.63636363636363
  },
  "pck@0.20": {
    "mean": 62.815205702772104,
    "std": 24.742053025828792,
    "median": 64.28571428571429,
    "p25": 45.45454545454545,
    "p75": 83.33333333333334
  }
}