{
  "inference_time_sec": 3369.8002882003784,
  "pck@0.05": {
    "mean": 49.12222222222222,
    "std": 19.061495672794162,
    "median": 50.0,
    "p25": 40.0,
    "p75": 60.0
  },
  "pck@0.10": {
    "mean": 71.93333333333334,
    "std": 16.560864174982605,
    "median": 70.0,
    "p25": 60.0,
    "p75": 80.0
  },
  "pck@0.20": {
    "mean": 88.68888888888888,
    "std": 11.48200954580149,
    "median": 90.0,
    "p25": 80.0,
    "p75": 100.0
  }
}