{
  "pck@0.05": {
    "mean": 49.12222222222222,
    "std": 19.07209422555793,
    "median": 50.0,
    "p25": 40.0,
    "p75": 60.0,
    "per_keypoint_mean": 49.12222222222222
  },
  "pck@0.10": {
    "mean": 71.93333333333334,
    "std": 16.570072329252607,
    "median": 70.0,
    "p25": 60.0,
    "p75": 80.0,
    "per_keypoint_mean": 71.93333333333334
  },
  "pck@0.20": {
    "mean": 88.68888888888888,
    "std": 11.488393760665538,
    "median": 90.0,
    "p25": 80.0,
    "p75": 100.0,
    "per_keypoint_mean": 88.68888888888888
  }
}