{
  "pck@0.05": {
    "mean": 25.920193687902923,
    "std": 24.44158502893651,
    "median": 22.22222222222222,
    "p25": 0.0,
    "p75": 42.857142857142854,
    "per_keypoint_mean": 30.216918757358936
  },
  "pck@0.10": {
    "mean": 37.38423534399298,
    "std": 28.36125951932923,
    "median": 36.36363636363637,
    "p25": 14.285714285714285,
    "p75": 60.0,
    "per_keypoint_mean": 42.82107598949371
  },
  "pck@0.20": {
    "mean": 50.04454737966373,
    "std": 30.16681600844359,
    "median": 50.0,
    "p25": 25.0,
    "p75": 75.0,
    "per_keypoint_mean": 55.88488361561452
  }
}