{
  "inference_time_sec": 40026.52840971947,
  "pck@0.05": {
    "mean": 25.920193687902923,
    "std": 24.44058608809502,
    "median": 22.22222222222222,
    "p25": 0.0,
    "p75": 42.857142857142854
  },
  "pck@0.10": {
    "mean": 37.38423534399298,
    "std": 28.36010037926461,
    "median": 36.36363636363637,
    "p25": 14.285714285714285,
    "p75": 60.0
  },
  "pck@0.20": {
    "mean": 50.044547379663726,
    "std": 30.165583074305612,
    "median": 50.0,
    "p25": 25.0,
    "p75": 75.0
  }
}