{
  "inference_time_sec": 438.85212779045105,
  "pck@0.05": {
    "mean": 62.13119249539671,
    "std": 24.718041217137984,
    "median": 63.63636363636363,
    "p25": 50.0,
    "p75": 82.57575757575759
  },
  "pck@0.10": {
    "mean": 78.60195526706445,
    "std": 21.586885501484634,
    "median": 81.81818181818183,
    "p25": 66.66666666666666,
    "p75": 100.0
  },
  "pck@0.20": {
    "mean": 88.23672529407332,
    "std": 17.888503281362265,
    "median": 100.0,
    "p25": 83.33333333333334,
    "p75": 100.0
  }
}