{
  "n_blocks": 2,
  "temperature": 10,
  "learning_rate": 0.0001,
  "num_epochs": 1,
  "pck@0.05": 19.75414335050112,
  "pck@0.10": 29.922510127205896,
  "pck@0.20": 43.17193526828902,
  "training_history": [
    {
      "epoch": 1,
      "train_loss": 0.7092769133400578,
      "learning_rate": 0.0001,
      "val_pck@0.05": 19.75414335050112,
      "val_pck@0.10": 29.922510127205896,
      "val_pck@0.20": 43.17193526828902
    }
  ]
}