{
  "pck@0.05": {
    "mean": 52.3172183631036,
    "std": 30.413508926748733,
    "median": 54.54545454545454,
    "p25": 28.57142857142857,
    "p75": 75.0
  },
  "pck@0.10": {
    "mean": 67.7304756632536,
    "std": 29.803795919732245,
    "median": 75.0,
    "p25": 50.0,
    "p75": 93.33333333333333
  },
  "pck@0.20": {
    "mean": 82.65640037837224,
    "std": 25.08167659937619,
    "median": 100.0,
    "p25": 75.0,
    "p75": 100.0
  }
}