{
  "aeroplane": {
    "pck@0.05": {
      "mean": 63.96737479465639,
      "std": 25.51009794739119,
      "median": 66.66666666666666
    },
    "pck@0.10": {
      "mean": 76.72044855069151,
      "std": 23.159739133928475,
      "median": 80.0
    },
    "pck@0.20": {
      "mean": 87.9085222582665,
      "std": 17.154952361857035,
      "median": 100.0
    }
  },
  "bicycle": {
    "pck@0.05": {
      "mean": 57.95535575535576,
      "std": 28.306586446916388,
      "median": 63.63636363636363
    },
    "pck@0.10": {
      "mean": 74.44690864690864,
      "std": 28.53601772767171,
      "median": 83.33333333333334
    },
    "pck@0.20": {
      "mean": 88.35497835497836,
      "std": 21.199969640966845,
      "median": 100.0
    }
  },
  "bird": {
    "pck@0.05": {
      "mean": 84.46065725980256,
      "std": 17.04542003664619,
      "median": 85.71428571428571
    },
    "pck@0.10": {
      "mean": 95.06176673911716,
      "std": 9.742021054806425,
      "median": 100.0
    },
    "pck@0.20": {
      "mean": 98.90759288195189,
      "std": 4.491265154185138,
      "median": 100.0
    }
  },
  "boat": {
    "pck@0.05": {
      "mean": 34.848448876226655,
      "std": 29.75957519523771,
      "median": 33.33333333333333
    },
    "pck@0.10": {
      "mean": 51.12484737484737,
      "std": 32.49000647651925,
      "median": 50.0
    },
    "pck@0.20": {
      "mean": 70.36528286528286,
      "std": 30.907788399004083,
      "median": 75.0
    }
  },
  "bottle": {
    "pck@0.05": {
      "mean": 39.05259076810801,
      "std": 25.617755082389987,
      "median": 37.5
    },
    "pck@0.10": {
      "mean": 57.59377850757162,
      "std": 27.001485809816952,
      "median": 60.0
    },
    "pck@0.20": {
      "mean": 79.02043422733078,
      "std": 22.2100514624448,
      "median": 84.52380952380952
    }
  },
  "bus": {
    "pck@0.05": {
      "mean": 40.506879882793285,
      "std": 30.670024010441683,
      "median": 37.5
    },
    "pck@0.10": {
      "mean": 50.874880774748334,
      "std": 34.1373455130209,
      "median": 50.0
    },
    "pck@0.20": {
      "mean": 63.799474639354074,
      "std": 34.59791786578249,
      "median": 71.42857142857143
    }
  },
  "car": {
    "pck@0.05": {
      "mean": 38.80687599437599,
      "std": 31.72786483824884,
      "median": 33.33333333333333
    },
    "pck@0.10": {
      "mean": 50.03371800579247,
      "std": 33.340000810850555,
      "median": 50.0
    },
    "pck@0.20": {
      "mean": 66.603053418213,
      "std": 31.537509516169457,
      "median": 75.0
    }
  },
  "cat": {
    "pck@0.05": {
      "mean": 67.71623885373886,
      "std": 15.837365249672045,
      "median": 66.66666666666666
    },
    "pck@0.10": {
      "mean": 78.93397574647575,
      "std": 13.277859898550416,
      "median": 80.0
    },
    "pck@0.20": {
      "mean": 92.9930389055389,
      "std": 8.69278046535863,
      "median": 100.0
    }
  },
  "chair": {
    "pck@0.05": {
      "mean": 36.96300689334745,
      "std": 26.796330318374917,
      "median": 33.33333333333333
    },
    "pck@0.10": {
      "mean": 53.29145613588338,
      "std": 28.98921977829782,
      "median": 55.55555555555556
    },
    "pck@0.20": {
      "mean": 77.0286344202753,
      "std": 27.465467171122366,
      "median": 85.71428571428571
    }
  },
  "cow": {
    "pck@0.05": {
      "mean": 66.65906475450183,
      "std": 24.645464982682007,
      "median": 70.0
    },
    "pck@0.10": {
      "mean": 82.1782124609137,
      "std": 16.918042758688326,
      "median": 84.61538461538461
    },
    "pck@0.20": {
      "mean": 94.0578216496427,
      "std": 10.835413845455875,
      "median": 100.0
    }
  },
  "dog": {
    "pck@0.05": {
      "mean": 64.4401455026455,
      "std": 19.395961296712883,
      "median": 66.66666666666666
    },
    "pck@0.10": {
      "mean": 80.90812798312798,
      "std": 16.755960111727884,
      "median": 83.33333333333334
    },
    "pck@0.20": {
      "mean": 93.75898730898732,
      "std": 10.078555959167572,
      "median": 100.0
    }
  },
  "horse": {
    "pck@0.05": {
      "mean": 64.81288063788064,
      "std": 25.851134773234214,
      "median": 70.0
    },
    "pck@0.10": {
      "mean": 80.84422475672477,
      "std": 22.603447437642554,
      "median": 87.5
    },
    "pck@0.20": {
      "mean": 90.68922605172605,
      "std": 15.989866184371802,
      "median": 100.0
    }
  },
  "motorbike": {
    "pck@0.05": {
      "mean": 57.031158142269256,
      "std": 28.43333332288598,
      "median": 60.0
    },
    "pck@0.10": {
      "mean": 72.92463709130375,
      "std": 28.139559759134805,
      "median": 80.0
    },
    "pck@0.20": {
      "mean": 86.58181838737394,
      "std": 21.275295662733075,
      "median": 100.0
    }
  },
  "person": {
    "pck@0.05": {
      "mean": 61.3272146656762,
      "std": 28.55873557404555,
      "median": 66.66666666666666
    },
    "pck@0.10": {
      "mean": 76.16329909406834,
      "std": 25.675388594354455,
      "median": 83.33333333333334
    },
    "pck@0.20": {
      "mean": 86.97159549851857,
      "std": 22.3318872426054,
      "median": 100.0
    }
  },
  "pottedplant": {
    "pck@0.05": {
      "mean": 35.769252016351786,
      "std": 30.90312727662925,
      "median": 33.33333333333333
    },
    "pck@0.10": {
      "mean": 55.03931425625161,
      "std": 33.42011729721662,
      "median": 57.14285714285714
    },
    "pck@0.20": {
      "mean": 73.23385077155379,
      "std": 31.503737072755865,
      "median": 85.71428571428571
    }
  },
  "sheep": {
    "pck@0.05": {
      "mean": 60.90443349911369,
      "std": 33.13619755693893,
      "median": 66.66666666666666
    },
    "pck@0.10": {
      "mean": 74.15818712549755,
      "std": 30.215002847493885,
      "median": 83.33333333333334
    },
    "pck@0.20": {
      "mean": 86.44237945199143,
      "std": 24.237716388921775,
      "median": 100.0
    }
  },
  "train": {
    "pck@0.05": {
      "mean": 48.835760616514584,
      "std": 25.420033205594656,
      "median": 50.0
    },
    "pck@0.10": {
      "mean": 70.89127014226221,
      "std": 25.448876620339963,
      "median": 78.57142857142857
    },
    "pck@0.20": {
      "mean": 89.80901575643641,
      "std": 16.484819899910924,
      "median": 100.0
    }
  },
  "tvmonitor": {
    "pck@0.05": {
      "mean": 28.500902998735373,
      "std": 19.262264083410116,
      "median": 30.0
    },
    "pck@0.10": {
      "mean": 45.035996838742506,
      "std": 24.38619319322063,
      "median": 46.15384615384615
    },
    "pck@0.20": {
      "mean": 64.66373081799382,
      "std": 26.3163799317547,
      "median": 70.0
    }
  }
}