{
  "n_blocks": 4,
  "temperature": 15,
  "learning_rate": 0.0001,
  "num_epochs": 1,
  "pck@0.05": 26.88512862927997,
  "pck@0.10": 38.013389281619965,
  "pck@0.20": 50.437892251807256,
  "training_history": [
    {
      "epoch": 1,
      "train_loss": 0.41913249000679437,
      "learning_rate": 0.0001,
      "val_pck@0.05": 26.88512862927997,
      "val_pck@0.10": 38.013389281619965,
      "val_pck@0.20": 50.437892251807256
    }
  ]
}