{
  "n_blocks": 2,
  "temperature": 15,
  "learning_rate": 0.0001,
  "num_epochs": 1,
  "pck@0.05": 53.9280114237684,
  "pck@0.10": 67.52290725199433,
  "pck@0.20": 77.84671042123465,
  "training_history": [
    {
      "epoch": 1,
      "train_loss": 0.3749425111638459,
      "learning_rate": 0.0001,
      "val_pck@0.05": 53.9280114237684,
      "val_pck@0.10": 67.52290725199433,
      "val_pck@0.20": 77.84671042123465
    }
  ]
}