{
  "n_blocks": 3,
  "temperature": 15,
  "learning_rate": 0.0001,
  "num_epochs": 1,
  "pck@0.05": 55.06822480904542,
  "pck@0.10": 68.62292665428116,
  "pck@0.20": 78.72559307290526,
  "training_history": [
    {
      "epoch": 1,
      "train_loss": 0.3400847639567112,
      "learning_rate": 0.0001,
      "val_pck@0.05": 55.06822480904542,
      "val_pck@0.10": 68.62292665428116,
      "val_pck@0.20": 78.72559307290526
    }
  ]
}