{
  "inference_time_sec": 591082.2099430561,
  "pck@0.05": {
    "mean": 35.2967716464931,
    "std": 26.800843851466443,
    "median": 33.33333333333333,
    "p25": 12.5,
    "p75": 54.54545454545454
  },
  "pck@0.10": {
    "mean": 53.261761974159306,
    "std": 29.57593448277578,
    "median": 57.14285714285714,
    "p25": 33.33333333333333,
    "p75": 75.0
  },
  "pck@0.20": {
    "mean": 69.07335337786547,
    "std": 28.80289881893292,
    "median": 75.0,
    "p25": 50.0,
    "p75": 92.1474358974359
  }
}