{
  "pck@0.05": {
    "mean": 35.2967716464931,
    "std": 26.801939261266075,
    "median": 33.33333333333333,
    "p25": 12.5,
    "p75": 54.54545454545454,
    "per_keypoint_mean": 38.414772212661894
  },
  "pck@0.10": {
    "mean": 53.261761974159306,
    "std": 29.577143316670906,
    "median": 57.14285714285714,
    "p25": 33.33333333333333,
    "p75": 75.0,
    "per_keypoint_mean": 56.88117018386015
  },
  "pck@0.20": {
    "mean": 69.07335337786547,
    "std": 28.804076057149704,
    "median": 75.0,
    "p25": 50.0,
    "p75": 92.1474358974359,
    "per_keypoint_mean": 72.87723032334029
  }
}