{
  "n_blocks": 1,
  "temperature": 15,
  "learning_rate": 0.0001,
  "num_epochs": 1,
  "pck@0.05": 46.30986894553925,
  "pck@0.10": 59.23174848067044,
  "pck@0.20": 70.43894626543407,
  "training_history": [
    {
      "epoch": 1,
      "train_loss": 0.5599380297391625,
      "learning_rate": 0.0001,
      "val_pck@0.05": 46.30986894553925,
      "val_pck@0.10": 59.23174848067044,
      "val_pck@0.20": 70.43894626543407
    }
  ]
}