{
  "n_blocks": 3,
  "temperature": 15,
  "learning_rate": 0.0001,
  "num_epochs": 1,
  "pck@0.05": 25.061054405229786,
  "pck@0.10": 35.78001361699347,
  "pck@0.20": 48.58783584395161,
  "training_history": [
    {
      "epoch": 1,
      "train_loss": 0.4438916548566554,
      "learning_rate": 0.0001,
      "val_pck@0.05": 25.061054405229786,
      "val_pck@0.10": 35.78001361699347,
      "val_pck@0.20": 48.58783584395161
    }
  ]
}