{
  "inference_time_sec": 2914.709062576294,
  "pck@0.05": {
    "mean": 33.65555555555556,
    "std": 18.441294911819273,
    "median": 30.0,
    "p25": 20.0,
    "p75": 50.0
  },
  "pck@0.10": {
    "mean": 50.455555555555556,
    "std": 20.13601588702366,
    "median": 50.0,
    "p25": 40.0,
    "p75": 60.0
  },
  "pck@0.20": {
    "mean": 68.66666666666667,
    "std": 18.360585805227217,
    "median": 70.0,
    "p25": 60.0,
    "p75": 80.0
  }
}