{
  "pck@0.05": {
    "mean": 33.65555555555556,
    "std": 18.451548621208616,
    "median": 30.0,
    "p25": 20.0,
    "p75": 50.0,
    "per_keypoint_mean": 33.65555555555556
  },
  "pck@0.10": {
    "mean": 50.455555555555556,
    "std": 20.14721189338612,
    "median": 50.0,
    "p25": 40.0,
    "p75": 60.0,
    "per_keypoint_mean": 50.455555555555556
  },
  "pck@0.20": {
    "mean": 68.66666666666667,
    "std": 18.37079463882405,
    "median": 70.0,
    "p25": 60.0,
    "p75": 80.0,
    "per_keypoint_mean": 68.66666666666667
  }
}