keypoint_id,accuracy,count,avg_distance,std_distance,accuracy_pct
9,0.7238,420,0.1555,0.1781,72.38
7,0.7323,650,0.1499,0.0989,73.22999999999999
6,0.7369,650,0.1459,0.1036,73.69
4,0.7553,756,0.1268,0.1263,75.53
8,0.7553,380,0.1385,0.1544,75.53
2,0.8091,702,0.1242,0.1261,80.91000000000001
5,0.8201,756,0.1104,0.1147,82.01
3,0.832,756,0.1219,0.1184,83.2
1,0.8661,702,0.0851,0.1198,86.61
0,0.8862,650,0.0849,0.1299,88.62
