keypoint_id,accuracy,count,avg_distance,std_distance,accuracy_pct
0,0.4672,702,0.1752,0.1745,46.72
1,0.5,90,0.1685,0.1654,50.0
8,0.5281,462,0.1493,0.1548,52.81
2,0.5613,506,0.1246,0.1203,56.13
4,0.5633,600,0.146,0.1645,56.330000000000005
5,0.5933,600,0.1337,0.1452,59.330000000000005
6,0.619,420,0.1335,0.1696,61.9
3,0.6997,756,0.1161,0.1435,69.97
7,0.7026,380,0.1171,0.1488,70.26
