{
  "inference_time_sec": 18267.750836372375,
  "pck@0.05": {
    "mean": 53.70149456130527,
    "std": 29.25689928288307,
    "median": 57.14285714285714,
    "p25": 33.33333333333333,
    "p75": 75.0
  },
  "pck@0.10": {
    "mean": 68.17375993206775,
    "std": 28.90926489184104,
    "median": 75.0,
    "p25": 50.0,
    "p75": 90.9090909090909
  },
  "pck@0.20": {
    "mean": 78.36460307926642,
    "std": 26.509048435444274,
    "median": 87.5,
    "p25": 66.66666666666666,
    "p75": 100.0
  }
}