{
  "inference_time_sec": 2426.018317461014,
  "pck@0.05": {
    "mean": 56.6716774219461,
    "std": 30.513585194260155,
    "median": 60.0,
    "p25": 33.33333333333333,
    "p75": 80.0
  },
  "pck@0.10": {
    "mean": 68.80394247279028,
    "std": 29.236571491671047,
    "median": 75.0,
    "p25": 50.0,
    "p75": 91.66666666666666
  },
  "pck@0.20": {
    "mean": 77.86858003373212,
    "std": 27.191052114698806,
    "median": 87.5,
    "p25": 66.66666666666666,
    "p75": 100.0
  }
}