{
  "inference_time_sec": 32311.490135908127,
  "pck@0.05": {
    "mean": 56.40651146188959,
    "std": 29.739150801808822,
    "median": 60.0,
    "p25": 33.33333333333333,
    "p75": 80.0
  },
  "pck@0.10": {
    "mean": 69.26548131552292,
    "std": 28.82414300911219,
    "median": 75.0,
    "p25": 50.0,
    "p75": 91.66666666666666
  },
  "pck@0.20": {
    "mean": 78.74185868760415,
    "std": 26.304316120617834,
    "median": 87.5,
    "p25": 66.66666666666666,
    "p75": 100.0
  }
}