{
  "pck@0.05": {
    "mean": 56.4065114618896,
    "std": 29.740366306716112,
    "median": 60.0,
    "p25": 33.33333333333333,
    "p75": 80.0,
    "per_keypoint_mean": 60.54252332216284
  },
  "pck@0.10": {
    "mean": 69.26548131552292,
    "std": 28.82532111562604,
    "median": 75.0,
    "p25": 50.0,
    "p75": 91.66666666666666,
    "per_keypoint_mean": 73.66973100262658
  },
  "pck@0.20": {
    "mean": 78.74185868760415,
    "std": 26.305391236230268,
    "median": 87.5,
    "p25": 66.66666666666666,
    "p75": 100.0,
    "per_keypoint_mean": 82.59894937052803
  }
}