keypoint_id,accuracy,count,avg_distance,std_distance,accuracy_pct
10,0.5184,272,0.1255,0.1045,51.839999999999996
9,0.5625,272,0.117,0.115,56.25
8,0.6691,272,0.0802,0.0912,66.91
3,0.7474,380,0.0727,0.0642,74.74
7,0.75,132,0.0696,0.0868,75.0
5,0.7952,210,0.0644,0.1012,79.52
6,0.7955,132,0.0739,0.0974,79.55
2,0.803,462,0.0669,0.0778,80.30000000000001
0,0.8263,380,0.0709,0.1423,82.63000000000001
1,0.8439,506,0.0601,0.0946,84.39
13,0.8498,506,0.0536,0.0689,84.98
4,0.962,342,0.0398,0.0426,96.2
