keypoint_id,accuracy,count,avg_distance,std_distance,accuracy_pct
7,0.3523,650,0.1499,0.0989,35.23
6,0.3954,650,0.1459,0.1036,39.54
9,0.5452,420,0.1555,0.1781,54.52
4,0.5476,756,0.1268,0.1263,54.76
8,0.5579,380,0.1385,0.1544,55.78999999999999
2,0.5584,702,0.1242,0.1261,55.84
3,0.586,756,0.1219,0.1184,58.599999999999994
5,0.6032,756,0.1104,0.1147,60.31999999999999
0,0.7938,650,0.0849,0.1299,79.38
1,0.8091,702,0.0851,0.1198,80.91000000000001
