threshold,best_K,best_temperature,best_pck_mean,best_pck_median,best_pck_std
0.05,5,0.1,57.24442303166918,62.5,29.762617166339506
0.1,5,0.2,69.85714083769928,76.92307692307693,28.683234586357614
0.2,5,0.2,79.0730586748285,87.5,26.58381660808999
