K,temperature,inference_time_sec,pck@0.05_mean,pck@0.05_std,pck@0.05_median,pck@0.05_p25,pck@0.05_p75,pck@0.10_mean,pck@0.10_std,pck@0.10_median,pck@0.10_p25,pck@0.10_p75,pck@0.20_mean,pck@0.20_std,pck@0.20_median,pck@0.20_p25,pck@0.20_p75
5,0.01,882.9327471256256,55.79778597363452,29.75157553404289,60.0,33.33333333333333,80.0,68.829293493031,28.809920211302437,75.0,50.0,90.9090909090909,78.79005441847731,26.58337703275995,87.5,66.66666666666666,100.0
5,0.05,888.6406705379486,57.03999986101178,29.688171457285762,61.53846153846154,35.714285714285715,80.0,69.44660962198017,28.675292992222907,75.0,50.0,91.66666666666666,78.95299272150662,26.565282141172112,87.5,66.66666666666666,100.0
5,0.1,889.4554402828217,57.24442303166918,29.762617166339506,62.5,36.36363636363637,80.0,69.80989030776858,28.622880145936776,75.0,50.0,92.85714285714286,79.02373812889763,26.600648167926717,87.5,66.66666666666666,100.0
5,0.2,888.4145843982697,56.771596104847305,30.215091857933874,60.0,33.33333333333333,80.0,69.85714083769928,28.683234586357614,76.92307692307693,50.0,92.85714285714286,79.0730586748285,26.58381660808999,87.5,66.66666666666666,100.0
5,0.5,888.6113328933716,55.93249583359527,30.315334705071752,60.0,33.33333333333333,80.0,69.33401115267664,28.85442422658676,75.0,50.0,92.3076923076923,78.99778693072318,26.568633374166332,87.5,66.66666666666666,100.0
5,1.0,888.9373857975006,55.29891539240131,30.12620415398728,60.0,33.33333333333333,80.0,68.84796239635814,28.90179817901553,75.0,50.0,90.9090909090909,78.90066307059783,26.576017728795645,87.5,66.66666666666666,100.0
5,2.0,887.982738494873,54.93734781291954,30.126566999407093,60.0,33.33333333333333,78.57142857142857,68.65144496195995,28.949907854211116,75.0,50.0,90.9090909090909,78.84590908057268,26.58689140612496,87.5,66.66666666666666,100.0
