{
  "grid_search_summary": {
    "model": "dinov3",
    "search_type": "window_temperature_validation",
    "fixed_K": 5,
    "temperature_range": [0.01, 0.05, 0.1, 0.2, 0.5, 1.0, 2.0],
    "dataset": "validation"
  },
  "best_parameters": {
    "pck@0.05": {
      "temperature": 0.1,
      "K": 5,
      "pck_mean": 57.24442303166918,
      "pck_median": 62.5,
      "pck_std": 29.762617166339506
    },
    "pck@0.10": {
      "temperature": 0.2,
      "K": 5,
      "pck_mean": 69.85714083769928,
      "pck_median": 76.92307692307693,
      "pck_std": 28.683234586357614
    },
    "pck@0.20": {
      "temperature": 0.2,
      "K": 5,
      "pck_mean": 79.0730586748285,
      "pck_median": 87.5,
      "pck_std": 26.58381660808999
    }
  },
  "all_results": {
    "temp_0.01": {
      "K": 5,
      "temperature": 0.01,
      "inference_time_sec": 882.9327471256256,
      "pck@0.05": {
        "mean": 55.79778597363452,
        "std": 29.75157553404289,
        "median": 60.0,
        "p25": 33.33333333333333,
        "p75": 80.0
      },
      "pck@0.10": {
        "mean": 68.829293493031,
        "std": 28.809920211302437,
        "median": 75.0,
        "p25": 50.0,
        "p75": 90.9090909090909
      },
      "pck@0.20": {
        "mean": 78.79005441847731,
        "std": 26.58337703275995,
        "median": 87.5,
        "p25": 66.66666666666666,
        "p75": 100.0
      }
    },
    "temp_0.05": {
      "K": 5,
      "temperature": 0.05,
      "inference_time_sec": 888.6406705379486,
      "pck@0.05": {
        "mean": 57.03999986101178,
        "std": 29.688171457285762,
        "median": 61.53846153846154,
        "p25": 35.714285714285715,
        "p75": 80.0
      },
      "pck@0.10": {
        "mean": 69.44660962198017,
        "std": 28.675292992222907,
        "median": 75.0,
        "p25": 50.0,
        "p75": 91.66666666666666
      },
      "pck@0.20": {
        "mean": 78.95299272150662,
        "std": 26.565282141172112,
        "median": 87.5,
        "p25": 66.66666666666666,
        "p75": 100.0
      }
    },
    "temp_0.1": {
      "K": 5,
      "temperature": 0.1,
      "inference_time_sec": 889.4554402828217,
      "pck@0.05": {
        "mean": 57.24442303166918,
        "std": 29.762617166339506,
        "median": 62.5,
        "p25": 36.36363636363637,
        "p75": 80.0
      },
      "pck@0.10": {
        "mean": 69.80989030776858,
        "std": 28.622880145936776,
        "median": 75.0,
        "p25": 50.0,
        "p75": 92.85714285714286
      },
      "pck@0.20": {
        "mean": 79.02373812889763,
        "std": 26.600648167926717,
        "median": 87.5,
        "p25": 66.66666666666666,
        "p75": 100.0
      }
    },
    "temp_0.2": {
      "K": 5,
      "temperature": 0.2,
      "inference_time_sec": 888.4145843982697,
      "pck@0.05": {
        "mean": 56.771596104847305,
        "std": 30.215091857933874,
        "median": 60.0,
        "p25": 33.33333333333333,
        "p75": 80.0
      },
      "pck@0.10": {
        "mean": 69.85714083769928,
        "std": 28.683234586357614,
        "median": 76.92307692307693,
        "p25": 50.0,
        "p75": 92.85714285714286
      },
      "pck@0.20": {
        "mean": 79.0730586748285,
        "std": 26.58381660808999,
        "median": 87.5,
        "p25": 66.66666666666666,
        "p75": 100.0
      }
    },
    "temp_0.5": {
      "K": 5,
      "temperature": 0.5,
      "inference_time_sec": 888.6113328933716,
      "pck@0.05": {
        "mean": 55.93249583359527,
        "std": 30.315334705071752,
        "median": 60.0,
        "p25": 33.33333333333333,
        "p75": 80.0
      },
      "pck@0.10": {
        "mean": 69.33401115267664,
        "std": 28.85442422658676,
        "median": 75.0,
        "p25": 50.0,
        "p75": 92.3076923076923
      },
      "pck@0.20": {
        "mean": 78.99778693072318,
        "std": 26.568633374166332,
        "median": 87.5,
        "p25": 66.66666666666666,
        "p75": 100.0
      }
    },
    "temp_1.0": {
      "K": 5,
      "temperature": 1.0,
      "inference_time_sec": 888.9373857975006,
      "pck@0.05": {
        "mean": 55.29891539240131,
        "std": 30.12620415398728,
        "median": 60.0,
        "p25": 33.33333333333333,
        "p75": 80.0
      },
      "pck@0.10": {
        "mean": 68.84796239635814,
        "std": 28.90179817901553,
        "median": 75.0,
        "p25": 50.0,
        "p75": 90.9090909090909
      },
      "pck@0.20": {
        "mean": 78.90066307059783,
        "std": 26.576017728795645,
        "median": 87.5,
        "p25": 66.66666666666666,
        "p75": 100.0
      }
    },
    "temp_2.0": {
      "K": 5,
      "temperature": 2.0,
      "inference_time_sec": 887.982738494873,
      "pck@0.05": {
        "mean": 54.93734781291954,
        "std": 30.126566999407093,
        "median": 60.0,
        "p25": 33.33333333333333,
        "p75": 78.57142857142857
      },
      "pck@0.10": {
        "mean": 68.65144496195995,
        "std": 28.949907854211116,
        "median": 75.0,
        "p25": 50.0,
        "p75": 90.9090909090909
      },
      "pck@0.20": {
        "mean": 78.84590908057268,
        "std": 26.58689140612496,
        "median": 87.5,
        "p25": 66.66666666666666,
        "p75": 100.0
      }
    }
  },
  "analysis": {
    "observation": "Best temperature varies by threshold: 0.1 for PCK@0.05, 0.2 for PCK@0.10 and PCK@0.20",
    "temperature_trend": "Performance peaks around 0.1-0.2, then gradually decreases with higher temperatures",
    "optimal_range": [0.1, 0.2]
  }
}