{
  "n_blocks": 2,
  "temperature": 10,
  "learning_rate": 0.0001,
  "num_epochs": 1,
  "pck@0.05": 48.734307085897214,
  "pck@0.10": 63.46637152504296,
  "pck@0.20": 74.25017993039023,
  "training_history": [
    {
      "epoch": 1,
      "train_loss": 0.44859323549249536,
      "learning_rate": 0.0001,
      "val_pck@0.05": 48.734307085897214,
      "val_pck@0.10": 63.46637152504296,
      "val_pck@0.20": 74.25017993039023
    }
  ]
}