{
  "pck@0.05": {
    "mean": 62.57789361271557,
    "std": 24.892578174835005,
    "median": 63.63636363636363,
    "p25": 50.0,
    "p75": 81.81818181818183,
    "per_keypoint_mean": 62.386081193040596
  },
  "pck@0.10": {
    "mean": 78.91546422187774,
    "std": 22.097183700583695,
    "median": 83.33333333333334,
    "p25": 67.70833333333333,
    "p75": 100.0,
    "per_keypoint_mean": 79.2046396023198
  },
  "pck@0.20": {
    "mean": 88.4983262469491,
    "std": 18.159410002903282,
    "median": 100.0,
    "p25": 83.33333333333334,
    "p75": 100.0,
    "per_keypoint_mean": 89.51946975973487
  }
}