{
  "inference_time_sec": 7604.563820838928,
  "pck@0.05": {
    "mean": 33.62610316676024,
    "std": 27.34821883921721,
    "median": 31.25,
    "p25": 11.11111111111111,
    "p75": 50.0
  },
  "pck@0.10": {
    "mean": 49.73518177851878,
    "std": 30.129365440976702,
    "median": 50.0,
    "p25": 25.0,
    "p75": 75.0
  },
  "pck@0.20": {
    "mean": 65.8939485099802,
    "std": 30.271672260604486,
    "median": 73.33333333333333,
    "p25": 50.0,
    "p75": 90.0
  }
}