{
  "pck@0.05": {
    "mean": 33.62610316676024,
    "std": 27.349336621443957,
    "median": 31.25,
    "p25": 11.11111111111111,
    "p75": 50.0,
    "per_keypoint_mean": 36.56711348609728
  },
  "pck@0.10": {
    "mean": 49.73518177851878,
    "std": 30.130596894819856,
    "median": 50.0,
    "p25": 25.0,
    "p75": 75.0,
    "per_keypoint_mean": 53.235667059143196
  },
  "pck@0.20": {
    "mean": 65.8939485099802,
    "std": 30.27290953084229,
    "median": 73.33333333333333,
    "p25": 50.0,
    "p75": 90.0,
    "per_keypoint_mean": 69.55552033330315
  }
}