{
  "inference_time_sec": 1193.641881942749,
  "pck@0.05": {
    "mean": 12.433333333333334,
    "std": 12.603835395095679,
    "median": 10.0,
    "p25": 0.0,
    "p75": 20.0
  },
  "pck@0.10": {
    "mean": 53.15555555555556,
    "std": 18.939618153554974,
    "median": 60.0,
    "p25": 40.0,
    "p75": 70.0
  },
  "pck@0.20": {
    "mean": 91.88888888888889,
    "std": 10.70767579765349,
    "median": 100.0,
    "p25": 90.0,
    "p75": 100.0
  }
}