{
  "inference_time_sec": 17158.896554231644,
  "pck@0.05": {
    "mean": 30.646373486955433,
    "std": 25.97540168039451,
    "median": 28.57142857142857,
    "p25": 0.0,
    "p75": 50.0
  },
  "pck@0.10": {
    "mean": 46.41801434773464,
    "std": 30.332840161614754,
    "median": 50.0,
    "p25": 22.22222222222222,
    "p75": 71.42857142857143
  },
  "pck@0.20": {
    "mean": 62.023595008783595,
    "std": 31.741377307183733,
    "median": 66.66666666666666,
    "p25": 40.0,
    "p75": 88.88888888888889
  }
}