{
  "pck@0.05": {
    "mean": 29.013697295275406,
    "std": 25.499333995194387,
    "median": 25.0,
    "p25": 0.0,
    "p75": 50.0,
    "per_keypoint_mean": 32.96689611448239
  },
  "pck@0.10": {
    "mean": 45.26876046339485,
    "std": 30.089433453049537,
    "median": 50.0,
    "p25": 20.0,
    "p75": 66.66666666666666,
    "per_keypoint_mean": 50.38492890136763
  },
  "pck@0.20": {
    "mean": 61.26702628366298,
    "std": 31.466044073926426,
    "median": 66.66666666666666,
    "p25": 40.0,
    "p75": 87.5,
    "per_keypoint_mean": 66.82139298976541
  }
}