{
  "inference_time_sec": 18283.206080198288,
  "pck@0.05": {
    "mean": 4.887581439512096,
    "std": 12.004055066607197,
    "median": 0.0,
    "p25": 0.0,
    "p75": 0.0
  },
  "pck@0.10": {
    "mean": 21.698870280182145,
    "std": 26.0021634365549,
    "median": 12.5,
    "p25": 0.0,
    "p75": 35.714285714285715
  },
  "pck@0.20": {
    "mean": 61.70883367194141,
    "std": 34.07723801567347,
    "median": 71.42857142857143,
    "p25": 35.87662337662338,
    "p75": 90.0
  }
}