{
  "inference_time_sec": 3444.168118953705,
  "pck@0.05": {
    "mean": 50.05555555555556,
    "std": 18.44201791267317,
    "median": 50.0,
    "p25": 40.0,
    "p75": 60.0
  },
  "pck@0.10": {
    "mean": 72.38888888888889,
    "std": 16.212611308240838,
    "median": 70.0,
    "p25": 60.0,
    "p75": 80.0
  },
  "pck@0.20": {
    "mean": 88.95555555555555,
    "std": 11.275254233261942,
    "median": 90.0,
    "p25": 80.0,
    "p75": 100.0
  }
}