{
  "pck@0.05": {
    "mean": 50.05555555555556,
    "std": 18.452272024064687,
    "median": 50.0,
    "p25": 40.0,
    "p75": 60.0,
    "per_keypoint_mean": 50.05555555555555
  },
  "pck@0.10": {
    "mean": 72.38888888888889,
    "std": 16.221625827318377,
    "median": 70.0,
    "p25": 60.0,
    "p75": 80.0,
    "per_keypoint_mean": 72.38888888888889
  },
  "pck@0.20": {
    "mean": 88.95555555555555,
    "std": 11.2815234882547,
    "median": 90.0,
    "p25": 80.0,
    "p75": 100.0,
    "per_keypoint_mean": 88.95555555555555
  }
}