{
  "inference_time_sec": 969.4532845020294,
  "pck@0.05": {
    "mean": 51.047334062531775,
    "std": 24.171470102305076,
    "median": 50.0,
    "p25": 33.33333333333333,
    "p75": 66.66666666666666
  },
  "pck@0.10": {
    "mean": 68.43539076177282,
    "std": 22.601980790046532,
    "median": 72.72727272727273,
    "p25": 55.05050505050505,
    "p75": 83.33333333333334
  },
  "pck@0.20": {
    "mean": 81.67843777203407,
    "std": 20.9337547366553,
    "median": 87.5,
    "p25": 75.0,
    "p75": 100.0
  }
}