{
  "inference_time_sec": 432.6994216442108,
  "pck@0.05": {
    "mean": 60.91386977723787,
    "std": 24.709412919530962,
    "median": 61.53846153846154,
    "p25": 50.0,
    "p75": 80.0
  },
  "pck@0.10": {
    "mean": 78.0781695898261,
    "std": 21.819469807200615,
    "median": 81.81818181818183,
    "p25": 66.66666666666666,
    "p75": 100.0
  },
  "pck@0.20": {
    "mean": 88.11966843788603,
    "std": 18.068739925060413,
    "median": 100.0,
    "p25": 83.33333333333334,
    "p75": 100.0
  }
}