{
  "pck@0.05": {
    "mean": 60.91386977723787,
    "std": 24.75083694344762,
    "median": 61.53846153846154,
    "p25": 50.0,
    "p75": 80.0,
    "per_keypoint_mean": 60.77050538525269
  },
  "pck@0.10": {
    "mean": 78.0781695898261,
    "std": 21.85604899433411,
    "median": 81.81818181818183,
    "p25": 66.66666666666666,
    "p75": 100.0,
    "per_keypoint_mean": 78.74896437448218
  },
  "pck@0.20": {
    "mean": 88.11966843788603,
    "std": 18.099031211916845,
    "median": 100.0,
    "p25": 83.33333333333334,
    "p75": 100.0,
    "per_keypoint_mean": 89.22949461474731
  }
}