{
  "inference_time_sec": 5530.442470788956,
  "pck@0.05": {
    "mean": 57.74649950609509,
    "std": 30.11486977821924,
    "median": 62.5,
    "p25": 37.5,
    "p75": 80.0
  },
  "pck@0.10": {
    "mean": 70.0762185511765,
    "std": 28.934068004306855,
    "median": 77.77777777777779,
    "p25": 50.0,
    "p75": 93.75
  },
  "pck@0.20": {
    "mean": 79.32076515072072,
    "std": 26.27379188074208,
    "median": 88.88888888888889,
    "p25": 66.66666666666666,
    "p75": 100.0
  }
}