{
  "pck@0.05": {
    "mean": 57.74649950609509,
    "std": 30.116100639592577,
    "median": 62.5,
    "p25": 37.5,
    "p75": 80.0,
    "per_keypoint_mean": 62.21356761162939
  },
  "pck@0.10": {
    "mean": 70.0762185511765,
    "std": 28.935250603698528,
    "median": 77.77777777777779,
    "p25": 50.0,
    "p75": 93.75,
    "per_keypoint_mean": 74.69318902273345
  },
  "pck@0.20": {
    "mean": 79.32076515072072,
    "std": 26.27486574876128,
    "median": 88.88888888888889,
    "p25": 66.66666666666666,
    "p75": 100.0,
    "per_keypoint_mean": 83.26691422878363
  }
}