{
  "inference_time_sec": 4373.736299753189,
  "pck@0.05": {
    "mean": 29.013697295275406,
    "std": 25.498291823578743,
    "median": 25.0,
    "p25": 0.0,
    "p75": 50.0
  },
  "pck@0.10": {
    "mean": 45.26876046339485,
    "std": 30.08820368157858,
    "median": 50.0,
    "p25": 20.0,
    "p75": 66.66666666666666
  },
  "pck@0.20": {
    "mean": 61.26702628366298,
    "std": 31.464758039632482,
    "median": 66.66666666666666,
    "p25": 40.0,
    "p75": 87.5
  }
}