{
  "pck@0.05": {
    "mean": 32.39224414536479,
    "std": 27.118563597797017,
    "median": 30.0,
    "p25": 0.0,
    "p75": 50.0,
    "per_keypoint_mean": 36.774295806539264
  },
  "pck@0.10": {
    "mean": 48.298098597221205,
    "std": 31.1539129216917,
    "median": 50.0,
    "p25": 25.0,
    "p75": 75.0,
    "per_keypoint_mean": 53.66701385744045
  },
  "pck@0.20": {
    "mean": 62.85470153192372,
    "std": 31.966897492259683,
    "median": 70.0,
    "p25": 40.0,
    "p75": 88.88888888888889,
    "per_keypoint_mean": 68.44941581378498
  }
}