{
  "inference_time_sec": 32204.16593527794,
  "pck@0.05": {
    "mean": 32.39224414536479,
    "std": 27.11745524738896,
    "median": 30.0,
    "p25": 0.0,
    "p75": 50.0
  },
  "pck@0.10": {
    "mean": 48.298098597221205,
    "std": 31.1526396443673,
    "median": 50.0,
    "p25": 25.0,
    "p75": 75.0
  },
  "pck@0.20": {
    "mean": 62.854701531923716,
    "std": 31.965590987814778,
    "median": 70.0,
    "p25": 40.0,
    "p75": 88.88888888888889
  }
}