{
  "inference_time_sec": 51163.83302974701,
  "pck@0.05": {
    "mean": 33.56891545107746,
    "std": 27.833179576042426,
    "median": 33.33333333333333,
    "p25": 0.0,
    "p75": 54.54545454545454
  },
  "pck@0.10": {
    "mean": 49.158311931069775,
    "std": 31.290410682464962,
    "median": 50.0,
    "p25": 25.0,
    "p75": 75.0
  },
  "pck@0.20": {
    "mean": 63.13008085157442,
    "std": 32.073029377178706,
    "median": 70.0,
    "p25": 40.0,
    "p75": 90.0
  }
}