{
  "inference_time_sec": 9287.713706970215,
  "pck@0.05": {
    "mean": 10.978253780833544,
    "std": 15.264425884035145,
    "median": 0.0,
    "p25": 0.0,
    "p75": 20.0
  },
  "pck@0.10": {
    "mean": 19.399799616486565,
    "std": 20.842725708878916,
    "median": 14.285714285714285,
    "p25": 0.0,
    "p75": 33.33333333333333
  },
  "pck@0.20": {
    "mean": 32.56984481225842,
    "std": 26.253136033964683,
    "median": 30.0,
    "p25": 10.0,
    "p75": 50.0
  }
}