{
  "pck@0.05": {
    "mean": 10.978253780833544,
    "std": 15.265049774901856,
    "median": 0.0,
    "p25": 0.0,
    "p75": 20.0,
    "per_keypoint_mean": 12.9890861335024
  },
  "pck@0.10": {
    "mean": 19.399799616486565,
    "std": 20.843577597204487,
    "median": 14.285714285714285,
    "p25": 0.0,
    "p75": 33.33333333333333,
    "per_keypoint_mean": 22.246626211393895
  },
  "pck@0.20": {
    "mean": 32.56984481225842,
    "std": 26.25420905773371,
    "median": 30.0,
    "p25": 10.0,
    "p75": 50.0,
    "per_keypoint_mean": 36.235395344624585
  }
}