{
  "n_blocks": 2,
  "temperature": 5,
  "learning_rate": 0.0001,
  "num_epochs": 1,
  "pck@0.05": 16.32104478518676,
  "pck@0.10": 26.19633465943511,
  "pck@0.20": 39.630822921604086,
  "training_history": [
    {
      "epoch": 1,
      "train_loss": 2.097563318048339,
      "learning_rate": 0.0001,
      "val_pck@0.05": 16.32104478518676,
      "val_pck@0.10": 26.19633465943511,
      "val_pck@0.20": 39.630822921604086
    }
  ]
}