{
  "pck@0.05": {
    "mean": 51.50924566722323,
    "std": 24.053770791766265,
    "median": 50.0,
    "p25": 34.31372549019608,
    "p75": 66.66666666666666,
    "per_keypoint_mean": 51.94697597348799
  },
  "pck@0.10": {
    "mean": 68.70975639985083,
    "std": 22.862390663713374,
    "median": 73.33333333333333,
    "p25": 56.69642857142857,
    "p75": 83.33333333333334,
    "per_keypoint_mean": 69.5940347970174
  },
  "pck@0.20": {
    "mean": 81.6572934574115,
    "std": 20.869770251919874,
    "median": 87.5,
    "p25": 75.0,
    "p75": 100.0,
    "per_keypoint_mean": 82.7671913835957
  }
}